run_time,subject,experiment_id,predictor,estimator,raw,epoch,reference,inv,tstart,tstop,samplingrate,filter_x,status,error_type,error,traceback,tracking_r_mean,tracking_r_median,tracking_r_max,tracking_r_min,tracking_r_sd,positive_channel_count,positive_channel_fraction,best_channel,minimum_channel,n_result_channels,contains_veog,h_shape,finite_r,finite_h,finite_result,result_summary,proportion_explained_mean,cache_path,audio_alignment_qc,include_trf_primary,trf_exclusion_reason,correct,total,score_prop,low_score_flag,high_noise_flag,four_question_subject,s39_flag,exclude_high_noise,notes,include_prediction_primary,include_sensitivity,model_type,model_term,source_file,n_model_terms
2026-08-25T16:38:14,sub-01,gammatone-1,gammatone-1,boosting,0.5-20,story-segments,mastoids,,-0.1,1.0,50,continuous,ok,,,,0.0429208229783562,0.0421230175625035,0.1198200111374293,-0.0497433784133127,0.0432860043229201,51,0.8360655737704918,41,60,61,False,"(61, 56)",True,True,True,"<BoostingResult eeg ~ gammatone-1, -0.1 - 1, error=l1, basis=0.05, partitions=5, test=1, selective_stopping=1>",0.0021932127184237,/Users/yanyuwoo/Data/bids/derivatives/eelbrain/cache/trf/sub-01/subject-01_raw-0.5-20_epoch-story-segments_reference-mastoids_key-b305462856f62bca.pickle,pass,True,,6.0,8.0,0.75,False,False,False,False,True,use,True,True,single_predictor,gammatone-1,/Users/yanyuwoo/Desktop/mcmaster-project/alice-comprehension-neural-prediction/analysis/trf_pipeline/results/by_predictor/gammatone-1/subject_results.csv,
2026-08-25T16:38:19,sub-02,gammatone-1,gammatone-1,boosting,0.5-20,story-segments,mastoids,,-0.1,1.0,50,continuous,ok,,,,0.0525448448667124,0.0614067342552556,0.1193712729533418,-0.0448783557797469,0.0442595193301682,52,0.8524590163934426,18,50,61,False,"(61, 56)",True,True,True,"<BoostingResult eeg ~ gammatone-1, -0.1 - 1, error=l1, basis=0.05, partitions=5, test=1, selective_stopping=1>",0.0020476538546624,/Users/yanyuwoo/Data/bids/derivatives/eelbrain/cache/trf/sub-02/subject-02_raw-0.5-20_epoch-story-segments_reference-mastoids_key-85d7efa32b1ee554.pickle,pass,True,,6.0,8.0,0.75,False,True,False,False,False,exclude: noise,True,False,single_predictor,gammatone-1,/Users/yanyuwoo/Desktop/mcmaster-project/alice-comprehension-neural-prediction/analysis/trf_pipeline/results/by_predictor/gammatone-1/subject_results.csv,
2026-08-25T16:38:22,sub-03,gammatone-1,gammatone-1,boosting,0.5-20,story-segments,mastoids,,-0.1,1.0,50,continuous,ok,,,,0.0380210301355143,0.0446982059388359,0.0768863257544712,-0.0305168454803117,0.0287567348746444,54,0.8852459016393442,56,25,61,False,"(61, 56)",True,True,True,"<BoostingResult eeg ~ gammatone-1, -0.1 - 1, error=l1, basis=0.05, partitions=5, test=1, selective_stopping=1>",0.0007169487149792,/Users/yanyuwoo/Data/bids/derivatives/eelbrain/cache/trf/sub-03/subject-03_raw-0.5-20_epoch-story-segments_reference-mastoids_key-16b20ec4910e8db0.pickle,pass,True,,6.0,8.0,0.75,False,False,False,False,True,use,True,True,single_predictor,gammatone-1,/Users/yanyuwoo/Desktop/mcmaster-project/alice-comprehension-neural-prediction/analysis/trf_pipeline/results/by_predictor/gammatone-1/subject_results.csv,
2026-08-25T16:38:25,sub-04,gammatone-1,gammatone-1,boosting,0.5-20,story-segments,mastoids,,-0.1,1.0,50,continuous,ok,,,,0.0086562676053913,0.0080949383971317,0.0647595742852504,-0.0446294145430782,0.0286014256598642,34,0.5573770491803278,24,27,61,False,"(61, 56)",True,True,True,"<BoostingResult eeg ~ gammatone-1, -0.1 - 1, error=l1, basis=0.05, partitions=5, test=1, selective_stopping=1>",0.0002123236201248,/Users/yanyuwoo/Data/bids/derivatives/eelbrain/cache/trf/sub-04/subject-04_raw-0.5-20_epoch-story-segments_reference-mastoids_key-dd3589e046f92c6c.pickle,pass,True,,7.0,8.0,0.875,False,False,False,False,True,use,True,True,single_predictor,gammatone-1,/Users/yanyuwoo/Desktop/mcmaster-project/alice-comprehension-neural-prediction/analysis/trf_pipeline/results/by_predictor/gammatone-1/subject_results.csv,
2026-08-25T16:38:28,sub-05,gammatone-1,gammatone-1,boosting,0.5-20,story-segments,mastoids,,-0.1,1.0,50,continuous,ok,,,,0.0254038033671418,0.0219461054849692,0.0750334182086893,-0.0263121631751112,0.0197758234449936,57,0.9344262295081968,50,31,61,False,"(61, 56)",True,True,True,"<BoostingResult eeg ~ gammatone-1, -0.1 - 1, error=l1, basis=0.05, partitions=5, test=1, selective_stopping=1>",0.0005082054571017,/Users/yanyuwoo/Data/bids/derivatives/eelbrain/cache/trf/sub-05/subject-05_raw-0.5-20_epoch-story-segments_reference-mastoids_key-f08d6dd07cd0cd5a.pickle,pass,True,,7.0,8.0,0.875,False,False,False,False,True,use,True,True,single_predictor,gammatone-1,/Users/yanyuwoo/Desktop/mcmaster-project/alice-comprehension-neural-prediction/analysis/trf_pipeline/results/by_predictor/gammatone-1/subject_results.csv,
2026-08-25T16:38:31,sub-06,gammatone-1,gammatone-1,boosting,0.5-20,story-segments,mastoids,,-0.1,1.0,50,continuous,ok,,,,0.0314596702842889,0.0325833370906327,0.1004249912288011,-0.0277872831011869,0.0263363103373977,55,0.9016393442622952,50,28,61,False,"(61, 56)",True,True,True,"<BoostingResult eeg ~ gammatone-1, -0.1 - 1, error=l1, basis=0.05, partitions=5, test=1, selective_stopping=1>",0.0010027740661837,/Users/yanyuwoo/Data/bids/derivatives/eelbrain/cache/trf/sub-06/subject-06_raw-0.5-20_epoch-story-segments_reference-mastoids_key-3362d3c57d523d25.pickle,pass,True,,5.0,8.0,0.625,False,False,False,False,True,use,True,True,single_predictor,gammatone-1,/Users/yanyuwoo/Desktop/mcmaster-project/alice-comprehension-neural-prediction/analysis/trf_pipeline/results/by_predictor/gammatone-1/subject_results.csv,
2026-08-25T16:38:35,sub-07,gammatone-1,gammatone-1,boosting,0.5-20,story-segments,mastoids,,-0.1,1.0,50,continuous,ok,,,,0.0517657017859321,0.0592625778502335,0.091019444134173,-0.0255382800415648,0.0271391708057187,59,0.9672131147540984,19,30,61,False,"(61, 56)",True,True,True,"<BoostingResult eeg ~ gammatone-1, -0.1 - 1, error=l1, basis=0.05, partitions=5, test=1, selective_stopping=1>",0.001604848424247,/Users/yanyuwoo/Data/bids/derivatives/eelbrain/cache/trf/sub-07/subject-07_raw-0.5-20_epoch-story-segments_reference-mastoids_key-57aff7590e9e9289.pickle,pass,True,,4.0,8.0,0.5,True,False,False,False,True,exclude: low score,True,True,single_predictor,gammatone-1,/Users/yanyuwoo/Desktop/mcmaster-project/alice-comprehension-neural-prediction/analysis/trf_pipeline/results/by_predictor/gammatone-1/subject_results.csv,
2026-08-25T16:38:38,sub-08,gammatone-1,gammatone-1,boosting,0.5-20,story-segments,mastoids,,-0.1,1.0,50,continuous,ok,,,,0.0269133177925126,0.032300033646381,0.0568988308589445,-0.0192429508226931,0.0220084169125824,51,0.8360655737704918,19,26,61,False,"(61, 56)",True,True,True,"<BoostingResult eeg ~ gammatone-1, -0.1 - 1, error=l1, basis=0.05, partitions=5, test=1, selective_stopping=1>",0.0007863675999768,/Users/yanyuwoo/Data/bids/derivatives/eelbrain/cache/trf/sub-08/subject-08_raw-0.5-20_epoch-story-segments_reference-mastoids_key-3df74c61ffa1b913.pickle,pass,True,,6.0,8.0,0.75,False,False,False,False,True,use,True,True,single_predictor,gammatone-1,/Users/yanyuwoo/Desktop/mcmaster-project/alice-comprehension-neural-prediction/analysis/trf_pipeline/results/by_predictor/gammatone-1/subject_results.csv,
2026-08-25T16:38:42,sub-09,gammatone-1,gammatone-1,boosting,0.5-20,story-segments,mastoids,,-0.1,1.0,50,continuous,ok,,,,0.0441534084482411,0.045555532435069,0.0954823430623388,-0.0237634948235823,0.0291444548511426,55,0.9016393442622952,11,46,61,False,"(61, 56)",True,True,True,"<BoostingResult eeg ~ gammatone-1, -0.1 - 1, error=l1, basis=0.05, partitions=5, test=1, selective_stopping=1>",0.0013028959038534,/Users/yanyuwoo/Data/bids/derivatives/eelbrain/cache/trf/sub-09/subject-09_raw-0.5-20_epoch-story-segments_reference-mastoids_key-6e2c837401639efb.pickle,fail,False,audio_alignment_failed,2.0,8.0,0.25,True,False,False,False,True,exclude: low score,False,False,single_predictor,gammatone-1,/Users/yanyuwoo/Desktop/mcmaster-project/alice-comprehension-neural-prediction/analysis/trf_pipeline/results/by_predictor/gammatone-1/subject_results.csv,
2026-08-25T16:38:45,sub-10,gammatone-1,gammatone-1,boosting,0.5-20,story-segments,mastoids,,-0.1,1.0,50,continuous,ok,,,,0.017713424702507,0.0175347671153149,0.097893408647048,-0.0310729752863981,0.0281974977881522,43,0.7049180327868853,51,41,61,False,"(61, 56)",True,True,True,"<BoostingResult eeg ~ gammatone-1, -0.1 - 1, error=l1, basis=0.05, partitions=5, test=1, selective_stopping=1>",0.0005298369995727,/Users/yanyuwoo/Data/bids/derivatives/eelbrain/cache/trf/sub-10/subject-10_raw-0.5-20_epoch-story-segments_reference-mastoids_key-01a1a1f6604a0e4d.pickle,pass,True,,5.0,8.0,0.625,False,False,False,False,True,use,True,True,single_predictor,gammatone-1,/Users/yanyuwoo/Desktop/mcmaster-project/alice-comprehension-neural-prediction/analysis/trf_pipeline/results/by_predictor/gammatone-1/subject_results.csv,
2026-08-25T16:38:48,sub-11,gammatone-1,gammatone-1,boosting,0.5-20,story-segments,mastoids,,-0.1,1.0,50,continuous,ok,,,,0.0015952290101288,0.000902400899983,0.0469603550624526,-0.0593400833604772,0.0241947323056917,32,0.5245901639344263,32,25,61,False,"(61, 56)",True,True,True,"<BoostingResult eeg ~ gammatone-1, -0.1 - 1, error=l1, basis=0.05, partitions=5, test=1, selective_stopping=1>",-4.978682815594521e-05,/Users/yanyuwoo/Data/bids/derivatives/eelbrain/cache/trf/sub-11/subject-11_raw-0.5-20_epoch-story-segments_reference-mastoids_key-8147b1d71199d56c.pickle,pass,True,,6.0,8.0,0.75,False,False,False,False,True,use,True,True,single_predictor,gammatone-1,/Users/yanyuwoo/Desktop/mcmaster-project/alice-comprehension-neural-prediction/analysis/trf_pipeline/results/by_predictor/gammatone-1/subject_results.csv,
2026-08-25T16:38:50,sub-12,gammatone-1,gammatone-1,boosting,0.5-20,story-segments,mastoids,,-0.1,1.0,50,continuous,ok,,,,0.0296345142391424,0.0311357193898902,0.0731757877818054,-0.0115570462052781,0.0174435034701088,57,0.9344262295081968,49,30,61,False,"(61, 56)",True,True,True,"<BoostingResult eeg ~ gammatone-1, -0.1 - 1, error=l1, basis=0.05, partitions=5, test=1, selective_stopping=1>",0.0005878098604443,/Users/yanyuwoo/Data/bids/derivatives/eelbrain/cache/trf/sub-12/subject-12_raw-0.5-20_epoch-story-segments_reference-mastoids_key-3e3f95737914ab3f.pickle,pass,True,,6.0,8.0,0.75,False,False,False,False,True,use,True,True,single_predictor,gammatone-1,/Users/yanyuwoo/Desktop/mcmaster-project/alice-comprehension-neural-prediction/analysis/trf_pipeline/results/by_predictor/gammatone-1/subject_results.csv,
2026-08-25T16:38:54,sub-13,gammatone-1,gammatone-1,boosting,0.5-20,story-segments,mastoids,,-0.1,1.0,50,continuous,ok,,,,0.0709773474751946,0.0663937142815616,0.1886352623727747,-0.0254315049503105,0.0637459382671359,49,0.8032786885245902,44,52,61,False,"(61, 56)",True,True,True,"<BoostingResult eeg ~ gammatone-1, -0.1 - 1, error=l1, basis=0.05, partitions=5, test=1, selective_stopping=1>",0.0060109405098318,/Users/yanyuwoo/Data/bids/derivatives/eelbrain/cache/trf/sub-13/subject-13_raw-0.5-20_epoch-story-segments_reference-mastoids_key-0546f75a8cafe086.pickle,pass,True,,8.0,8.0,1.0,False,False,False,False,True,use,True,True,single_predictor,gammatone-1,/Users/yanyuwoo/Desktop/mcmaster-project/alice-comprehension-neural-prediction/analysis/trf_pipeline/results/by_predictor/gammatone-1/subject_results.csv,
2026-08-25T16:39:00,sub-14,gammatone-1,gammatone-1,boosting,0.5-20,story-segments,mastoids,,-0.1,1.0,50,continuous,ok,,,,0.088483938868474,0.0956512078643852,0.1582496507370688,-0.0004453029035202,0.0445512653569177,60,0.9836065573770492,59,56,61,False,"(61, 56)",True,True,True,"<BoostingResult eeg ~ gammatone-1, -0.1 - 1, error=l1, basis=0.05, partitions=5, test=1, selective_stopping=1>",0.0051474090950178,/Users/yanyuwoo/Data/bids/derivatives/eelbrain/cache/trf/sub-14/subject-14_raw-0.5-20_epoch-story-segments_reference-mastoids_key-374c895c26aedfb4.pickle,pass,True,,4.0,4.0,1.0,False,False,True,False,True,use,True,True,single_predictor,gammatone-1,/Users/yanyuwoo/Desktop/mcmaster-project/alice-comprehension-neural-prediction/analysis/trf_pipeline/results/by_predictor/gammatone-1/subject_results.csv,
2026-08-25T16:39:06,sub-15,gammatone-1,gammatone-1,boosting,0.5-20,story-segments,mastoids,,-0.1,1.0,50,continuous,ok,,,,0.0553607082960256,0.0647487913469348,0.1324880916694158,-0.0268590092899261,0.0446379024697295,50,0.819672131147541,58,53,61,False,"(61, 56)",True,True,True,"<BoostingResult eeg ~ gammatone-1, -0.1 - 1, error=l1, basis=0.05, partitions=5, test=1, selective_stopping=1>",0.0031031661421501,/Users/yanyuwoo/Data/bids/derivatives/eelbrain/cache/trf/sub-15/subject-15_raw-0.5-20_epoch-story-segments_reference-mastoids_key-6a866f3de19daeda.pickle,pass,True,,4.0,4.0,1.0,False,False,True,False,True,use,True,True,single_predictor,gammatone-1,/Users/yanyuwoo/Desktop/mcmaster-project/alice-comprehension-neural-prediction/analysis/trf_pipeline/results/by_predictor/gammatone-1/subject_results.csv,
2026-08-25T16:39:10,sub-16,gammatone-1,gammatone-1,boosting,0.5-20,story-segments,mastoids,,-0.1,1.0,50,continuous,ok,,,,0.0550890944492385,0.0574633025469493,0.1277051033957951,-0.006643669837064,0.042360224117266,53,0.8688524590163934,34,13,61,False,"(61, 56)",True,True,True,"<BoostingResult eeg ~ gammatone-1, -0.1 - 1, error=l1, basis=0.05, partitions=5, test=1, selective_stopping=1>",0.0025182536825183,/Users/yanyuwoo/Data/bids/derivatives/eelbrain/cache/trf/sub-16/subject-16_raw-0.5-20_epoch-story-segments_reference-mastoids_key-0b844ae42d2e181b.pickle,fail,False,audio_alignment_failed,6.0,8.0,0.75,False,False,False,False,True,use,False,False,single_predictor,gammatone-1,/Users/yanyuwoo/Desktop/mcmaster-project/alice-comprehension-neural-prediction/analysis/trf_pipeline/results/by_predictor/gammatone-1/subject_results.csv,
2026-08-25T16:39:14,sub-17,gammatone-1,gammatone-1,boosting,0.5-20,story-segments,mastoids,,-0.1,1.0,50,continuous,ok,,,,0.0533287379784754,0.0522867217977032,0.1124217848927279,-0.0291073344778149,0.0334115600317406,56,0.918032786885246,10,17,61,False,"(61, 56)",True,True,True,"<BoostingResult eeg ~ gammatone-1, -0.1 - 1, error=l1, basis=0.05, partitions=5, test=1, selective_stopping=1>",0.0016553285753994,/Users/yanyuwoo/Data/bids/derivatives/eelbrain/cache/trf/sub-17/subject-17_raw-0.5-20_epoch-story-segments_reference-mastoids_key-b77e789886e31c00.pickle,pass,True,,6.0,8.0,0.75,False,False,False,False,True,use,True,True,single_predictor,gammatone-1,/Users/yanyuwoo/Desktop/mcmaster-project/alice-comprehension-neural-prediction/analysis/trf_pipeline/results/by_predictor/gammatone-1/subject_results.csv,
2026-08-25T16:39:18,sub-18,gammatone-1,gammatone-1,boosting,0.5-20,story-segments,mastoids,,-0.1,1.0,50,continuous,ok,,,,0.0525559809102881,0.0590893094615198,0.0877252014863318,-0.0110896341384892,0.0261159745777032,59,0.9672131147540984,5,52,61,False,"(61, 56)",True,True,True,"<BoostingResult eeg ~ gammatone-1, -0.1 - 1, error=l1, basis=0.05, partitions=5, test=1, selective_stopping=1>",0.0015058220894803,/Users/yanyuwoo/Data/bids/derivatives/eelbrain/cache/trf/sub-18/subject-18_raw-0.5-20_epoch-story-segments_reference-mastoids_key-959c73ca18eba53b.pickle,pass,True,,7.0,8.0,0.875,False,False,False,False,True,use,True,True,single_predictor,gammatone-1,/Users/yanyuwoo/Desktop/mcmaster-project/alice-comprehension-neural-prediction/analysis/trf_pipeline/results/by_predictor/gammatone-1/subject_results.csv,
2026-08-25T16:39:22,sub-19,gammatone-1,gammatone-1,boosting,0.5-20,story-segments,mastoids,,-0.1,1.0,50,continuous,ok,,,,0.0346940411959341,0.0356114198390749,0.0688665208661007,-0.0230009725406945,0.0219558115109485,57,0.9344262295081968,33,32,61,False,"(61, 56)",True,True,True,"<BoostingResult eeg ~ gammatone-1, -0.1 - 1, error=l1, basis=0.05, partitions=5, test=1, selective_stopping=1>",0.0010746095453979,/Users/yanyuwoo/Data/bids/derivatives/eelbrain/cache/trf/sub-19/subject-19_raw-0.5-20_epoch-story-segments_reference-mastoids_key-3e41e5a165dc973b.pickle,pass,True,,8.0,8.0,1.0,False,False,False,False,True,use,True,True,single_predictor,gammatone-1,/Users/yanyuwoo/Desktop/mcmaster-project/alice-comprehension-neural-prediction/analysis/trf_pipeline/results/by_predictor/gammatone-1/subject_results.csv,
2026-08-25T16:39:26,sub-20,gammatone-1,gammatone-1,boosting,0.5-20,story-segments,mastoids,,-0.1,1.0,50,continuous,ok,,,,0.0192828623821476,0.0177966628829399,0.0929133477511535,-0.0198285166152724,0.0202601086929887,50,0.819672131147541,50,32,61,False,"(61, 56)",True,True,True,"<BoostingResult eeg ~ gammatone-1, -0.1 - 1, error=l1, basis=0.05, partitions=5, test=1, selective_stopping=1>",0.0002913828907326,/Users/yanyuwoo/Data/bids/derivatives/eelbrain/cache/trf/sub-20/subject-20_raw-0.5-20_epoch-story-segments_reference-mastoids_key-c4655897ab837b1d.pickle,pass,True,,5.0,8.0,0.625,False,False,False,False,True,use,True,True,single_predictor,gammatone-1,/Users/yanyuwoo/Desktop/mcmaster-project/alice-comprehension-neural-prediction/analysis/trf_pipeline/results/by_predictor/gammatone-1/subject_results.csv,
2026-08-25T16:39:28,sub-21,gammatone-1,gammatone-1,boosting,0.5-20,story-segments,mastoids,,-0.1,1.0,50,continuous,ok,,,,0.0278000030531653,0.0254800889455174,0.0693631013315737,-0.0230368580722197,0.0231364624704375,53,0.8688524590163934,20,40,61,False,"(61, 56)",True,True,True,"<BoostingResult eeg ~ gammatone-1, -0.1 - 1, error=l1, basis=0.05, partitions=5, test=1, selective_stopping=1>",0.0010633496805397,/Users/yanyuwoo/Data/bids/derivatives/eelbrain/cache/trf/sub-21/subject-21_raw-0.5-20_epoch-story-segments_reference-mastoids_key-0cba1fe351b407dd.pickle,pass,True,,,,,False,False,False,False,False,use,False,False,single_predictor,gammatone-1,/Users/yanyuwoo/Desktop/mcmaster-project/alice-comprehension-neural-prediction/analysis/trf_pipeline/results/by_predictor/gammatone-1/subject_results.csv,
2026-08-25T16:39:31,sub-22,gammatone-1,gammatone-1,boosting,0.5-20,story-segments,mastoids,,-0.1,1.0,50,continuous,ok,,,,0.004680143922961,0.0046460727933535,0.0720522576431136,-0.0482491634125856,0.0274864150351602,34,0.5573770491803278,49,58,61,False,"(61, 56)",True,True,True,"<BoostingResult eeg ~ gammatone-1, -0.1 - 1, error=l1, basis=0.05, partitions=5, test=1, selective_stopping=1>",9.092672497927452e-05,/Users/yanyuwoo/Data/bids/derivatives/eelbrain/cache/trf/sub-22/subject-22_raw-0.5-20_epoch-story-segments_reference-mastoids_key-4e709b34c5cb7b3e.pickle,pass,True,,6.0,8.0,0.75,False,False,False,False,True,use,True,True,single_predictor,gammatone-1,/Users/yanyuwoo/Desktop/mcmaster-project/alice-comprehension-neural-prediction/analysis/trf_pipeline/results/by_predictor/gammatone-1/subject_results.csv,
2026-08-25T16:39:34,sub-23,gammatone-1,gammatone-1,boosting,0.5-20,story-segments,mastoids,,-0.1,1.0,50,continuous,ok,,,,0.0116790328970238,0.0086454417271881,0.0825290649770953,-0.0241462316931179,0.0186800836155647,43,0.7049180327868853,32,55,61,False,"(61, 56)",True,True,True,"<BoostingResult eeg ~ gammatone-1, -0.1 - 1, error=l1, basis=0.05, partitions=5, test=1, selective_stopping=1>",7.125283997398451e-05,/Users/yanyuwoo/Data/bids/derivatives/eelbrain/cache/trf/sub-23/subject-23_raw-0.5-20_epoch-story-segments_reference-mastoids_key-39e0e41c5b2ca144.pickle,pass,True,,3.0,8.0,0.375,True,False,False,False,True,exclude: low score,True,True,single_predictor,gammatone-1,/Users/yanyuwoo/Desktop/mcmaster-project/alice-comprehension-neural-prediction/analysis/trf_pipeline/results/by_predictor/gammatone-1/subject_results.csv,
2026-08-25T16:39:36,sub-24,gammatone-1,gammatone-1,boosting,0.5-20,story-segments,mastoids,,-0.1,1.0,50,continuous,ok,,,,0.0119873478139881,0.0187126454822305,0.0597283602731981,-0.0456567057580355,0.0285521555568661,40,0.6557377049180327,10,31,61,False,"(61, 56)",True,True,True,"<BoostingResult eeg ~ gammatone-1, -0.1 - 1, error=l1, basis=0.05, partitions=5, test=1, selective_stopping=1>",0.0001986593288364,/Users/yanyuwoo/Data/bids/derivatives/eelbrain/cache/trf/sub-24/subject-24_raw-0.5-20_epoch-story-segments_reference-mastoids_key-bbf4f458b17b3b41.pickle,pass,True,,4.0,8.0,0.5,True,False,False,False,True,exclude: low score,True,True,single_predictor,gammatone-1,/Users/yanyuwoo/Desktop/mcmaster-project/alice-comprehension-neural-prediction/analysis/trf_pipeline/results/by_predictor/gammatone-1/subject_results.csv,
2026-08-25T16:39:39,sub-25,gammatone-1,gammatone-1,boosting,0.5-20,story-segments,mastoids,,-0.1,1.0,50,continuous,ok,,,,0.0275200735808529,0.0296909002531675,0.0629722531834325,-0.0426983011040714,0.0224831006381423,55,0.9016393442622952,9,56,61,False,"(61, 56)",True,True,True,"<BoostingResult eeg ~ gammatone-1, -0.1 - 1, error=l1, basis=0.05, partitions=5, test=1, selective_stopping=1>",0.0005852921827545,/Users/yanyuwoo/Data/bids/derivatives/eelbrain/cache/trf/sub-25/subject-25_raw-0.5-20_epoch-story-segments_reference-mastoids_key-b84c42d298bb3baf.pickle,pass,True,,5.0,8.0,0.625,False,False,False,False,True,use,True,True,single_predictor,gammatone-1,/Users/yanyuwoo/Desktop/mcmaster-project/alice-comprehension-neural-prediction/analysis/trf_pipeline/results/by_predictor/gammatone-1/subject_results.csv,
2026-08-25T16:39:41,sub-26,gammatone-1,gammatone-1,boosting,0.5-20,story-segments,mastoids,,-0.1,1.0,50,continuous,ok,,,,0.0192025233252544,0.0187246127959802,0.062746892639626,-0.0311478939793855,0.0211106443567239,52,0.8524590163934426,9,58,61,False,"(61, 56)",True,True,True,"<BoostingResult eeg ~ gammatone-1, -0.1 - 1, error=l1, basis=0.05, partitions=5, test=1, selective_stopping=1>",0.0007936529844498,/Users/yanyuwoo/Data/bids/derivatives/eelbrain/cache/trf/sub-26/subject-26_raw-0.5-20_epoch-story-segments_reference-mastoids_key-40a519517fb5fab1.pickle,pass,True,,6.0,8.0,0.75,False,False,False,False,True,use,True,True,single_predictor,gammatone-1,/Users/yanyuwoo/Desktop/mcmaster-project/alice-comprehension-neural-prediction/analysis/trf_pipeline/results/by_predictor/gammatone-1/subject_results.csv,
2026-08-25T16:39:44,sub-27,gammatone-1,gammatone-1,boosting,0.5-20,story-segments,mastoids,,-0.1,1.0,50,continuous,ok,,,,0.034845802592476,0.0422338618631315,0.0674386651378377,-0.0257996131284399,0.0239261621397451,54,0.8852459016393442,44,54,61,False,"(61, 56)",True,True,True,"<BoostingResult eeg ~ gammatone-1, -0.1 - 1, error=l1, basis=0.05, partitions=5, test=1, selective_stopping=1>",0.0007329457239549,/Users/yanyuwoo/Data/bids/derivatives/eelbrain/cache/trf/sub-27/subject-27_raw-0.5-20_epoch-story-segments_reference-mastoids_key-9b9c809ac806abaa.pickle,pass,True,,4.0,8.0,0.5,True,False,False,False,True,exclude: low score,True,True,single_predictor,gammatone-1,/Users/yanyuwoo/Desktop/mcmaster-project/alice-comprehension-neural-prediction/analysis/trf_pipeline/results/by_predictor/gammatone-1/subject_results.csv,
2026-08-25T16:39:47,sub-28,gammatone-1,gammatone-1,boosting,0.5-20,story-segments,mastoids,,-0.1,1.0,50,continuous,ok,,,,0.0543902925206892,0.0628953115291725,0.1052374800013978,-0.0308764223738685,0.0344774213148386,57,0.9344262295081968,36,55,61,False,"(61, 56)",True,True,True,"<BoostingResult eeg ~ gammatone-1, -0.1 - 1, error=l1, basis=0.05, partitions=5, test=1, selective_stopping=1>",0.0019914876140885,/Users/yanyuwoo/Data/bids/derivatives/eelbrain/cache/trf/sub-28/subject-28_raw-0.5-20_epoch-story-segments_reference-mastoids_key-64d6e6eab4ab03e0.pickle,pass,True,,7.0,8.0,0.875,False,True,False,False,False,exclude: noise,True,False,single_predictor,gammatone-1,/Users/yanyuwoo/Desktop/mcmaster-project/alice-comprehension-neural-prediction/analysis/trf_pipeline/results/by_predictor/gammatone-1/subject_results.csv,
2026-08-25T16:39:51,sub-29,gammatone-1,gammatone-1,boosting,0.5-20,story-segments,mastoids,,-0.1,1.0,50,continuous,ok,,,,0.0034182819683854,0.0011561984367353,0.0462968192560982,-0.0553958194083102,0.0198510112439764,32,0.5245901639344263,39,52,61,False,"(61, 56)",True,True,True,"<BoostingResult eeg ~ gammatone-1, -0.1 - 1, error=l1, basis=0.05, partitions=5, test=1, selective_stopping=1>",-3.554746703789295e-05,/Users/yanyuwoo/Data/bids/derivatives/eelbrain/cache/trf/sub-29/subject-29_raw-0.5-20_epoch-story-segments_reference-mastoids_key-24f6fdf8c9e077f8.pickle,pass,True,,6.0,8.0,0.75,False,True,False,False,False,exclude: noise,True,False,single_predictor,gammatone-1,/Users/yanyuwoo/Desktop/mcmaster-project/alice-comprehension-neural-prediction/analysis/trf_pipeline/results/by_predictor/gammatone-1/subject_results.csv,
2026-08-25T16:39:53,sub-30,gammatone-1,gammatone-1,boosting,0.5-20,story-segments,mastoids,,-0.1,1.0,50,continuous,ok,,,,0.0051841558966032,0.0066988322288221,0.0327003281316485,-0.0342132952684529,0.0143595978360109,40,0.6557377049180327,24,26,61,False,"(61, 56)",True,True,True,"<BoostingResult eeg ~ gammatone-1, -0.1 - 1, error=l1, basis=0.05, partitions=5, test=1, selective_stopping=1>",8.656070911229129e-05,/Users/yanyuwoo/Data/bids/derivatives/eelbrain/cache/trf/sub-30/subject-30_raw-0.5-20_epoch-story-segments_reference-mastoids_key-8c50941de67ae6de.pickle,pass,True,,4.0,8.0,0.5,True,False,False,False,True,exclude: low score,True,True,single_predictor,gammatone-1,/Users/yanyuwoo/Desktop/mcmaster-project/alice-comprehension-neural-prediction/analysis/trf_pipeline/results/by_predictor/gammatone-1/subject_results.csv,
2026-08-25T16:39:56,sub-31,gammatone-1,gammatone-1,boosting,0.5-20,story-segments,mastoids,,-0.1,1.0,50,continuous,ok,,,,-0.0117559232608574,-0.0122450181550775,0.043380264677236,-0.0417709486556538,0.0171754124032138,8,0.1311475409836065,14,46,61,False,"(61, 56)",True,True,True,"<BoostingResult eeg ~ gammatone-1, -0.1 - 1, error=l1, basis=0.05, partitions=5, test=1, selective_stopping=1>",-0.0002764557118756,/Users/yanyuwoo/Data/bids/derivatives/eelbrain/cache/trf/sub-31/subject-31_raw-0.5-20_epoch-story-segments_reference-mastoids_key-8902fd016c77a02b.pickle,pass,True,,3.0,4.0,0.75,False,True,True,False,False,exclude: noise,True,False,single_predictor,gammatone-1,/Users/yanyuwoo/Desktop/mcmaster-project/alice-comprehension-neural-prediction/analysis/trf_pipeline/results/by_predictor/gammatone-1/subject_results.csv,
2026-08-25T16:39:58,sub-32,gammatone-1,gammatone-1,boosting,0.5-20,story-segments,mastoids,,-0.1,1.0,50,continuous,ok,,,,0.0655335931902411,0.068259941294065,0.1093285395323948,-0.0250763026208077,0.0285596474554979,58,0.9508196721311476,3,25,61,False,"(61, 56)",True,True,True,"<BoostingResult eeg ~ gammatone-1, -0.1 - 1, error=l1, basis=0.05, partitions=5, test=1, selective_stopping=1>",0.0019233820188738,/Users/yanyuwoo/Data/bids/derivatives/eelbrain/cache/trf/sub-32/subject-32_raw-0.5-20_epoch-story-segments_reference-mastoids_key-41caa6caa59f307d.pickle,pass,True,,4.0,8.0,0.5,True,False,False,False,True,exclude: low score,True,True,single_predictor,gammatone-1,/Users/yanyuwoo/Desktop/mcmaster-project/alice-comprehension-neural-prediction/analysis/trf_pipeline/results/by_predictor/gammatone-1/subject_results.csv,
2026-08-25T16:40:02,sub-33,gammatone-1,gammatone-1,boosting,0.5-20,story-segments,mastoids,,-0.1,1.0,50,continuous,ok,,,,-0.0075772853592669,-0.0126638710264901,0.0436322312398422,-0.048597445411206,0.0223532301843716,22,0.360655737704918,49,53,61,False,"(61, 56)",True,True,True,"<BoostingResult eeg ~ gammatone-1, -0.1 - 1, error=l1, basis=0.05, partitions=5, test=1, selective_stopping=1>",-0.0001191276793136,/Users/yanyuwoo/Data/bids/derivatives/eelbrain/cache/trf/sub-33/subject-33_raw-0.5-20_epoch-story-segments_reference-mastoids_key-195b8efb81d7ccbe.pickle,pass,True,,8.0,8.0,1.0,False,True,False,False,False,exclude: noise,True,False,single_predictor,gammatone-1,/Users/yanyuwoo/Desktop/mcmaster-project/alice-comprehension-neural-prediction/analysis/trf_pipeline/results/by_predictor/gammatone-1/subject_results.csv,
2026-08-25T16:40:04,sub-34,gammatone-1,gammatone-1,boosting,0.5-20,story-segments,mastoids,,-0.1,1.0,50,continuous,ok,,,,0.0182997181921934,0.0209458759105498,0.0636142046600272,-0.0486119776311465,0.0256967378109699,45,0.7377049180327869,33,55,61,False,"(61, 56)",True,True,True,"<BoostingResult eeg ~ gammatone-1, -0.1 - 1, error=l1, basis=0.05, partitions=5, test=1, selective_stopping=1>",0.0007150409632693,/Users/yanyuwoo/Data/bids/derivatives/eelbrain/cache/trf/sub-34/subject-34_raw-0.5-20_epoch-story-segments_reference-mastoids_key-9a997591c2ee7d5e.pickle,pass,True,,5.0,8.0,0.625,False,False,False,False,True,use,True,True,single_predictor,gammatone-1,/Users/yanyuwoo/Desktop/mcmaster-project/alice-comprehension-neural-prediction/analysis/trf_pipeline/results/by_predictor/gammatone-1/subject_results.csv,
2026-08-25T16:40:07,sub-35,gammatone-1,gammatone-1,boosting,0.5-20,story-segments,mastoids,,-0.1,1.0,50,continuous,ok,,,,0.0321670250596576,0.0352400875617019,0.0821103099326151,-0.0402040355757431,0.0294888167311644,51,0.8360655737704918,4,61,61,False,"(61, 56)",True,True,True,"<BoostingResult eeg ~ gammatone-1, -0.1 - 1, error=l1, basis=0.05, partitions=5, test=1, selective_stopping=1>",0.0011346976363519,/Users/yanyuwoo/Data/bids/derivatives/eelbrain/cache/trf/sub-35/subject-35_raw-0.5-20_epoch-story-segments_reference-mastoids_key-058f5d3468b1d783.pickle,pass,True,,5.0,8.0,0.625,False,False,False,False,True,use,True,True,single_predictor,gammatone-1,/Users/yanyuwoo/Desktop/mcmaster-project/alice-comprehension-neural-prediction/analysis/trf_pipeline/results/by_predictor/gammatone-1/subject_results.csv,
2026-08-25T16:40:10,sub-36,gammatone-1,gammatone-1,boosting,0.5-20,story-segments,mastoids,,-0.1,1.0,50,continuous,ok,,,,0.0315256394221657,0.0342870835696183,0.0608396024140083,-0.0215652126122533,0.015039362908595,59,0.9672131147540984,37,28,61,False,"(61, 56)",True,True,True,"<BoostingResult eeg ~ gammatone-1, -0.1 - 1, error=l1, basis=0.05, partitions=5, test=1, selective_stopping=1>",0.0007944028819162,/Users/yanyuwoo/Data/bids/derivatives/eelbrain/cache/trf/sub-36/subject-36_raw-0.5-20_epoch-story-segments_reference-mastoids_key-8c92bfc85218f520.pickle,pass,True,,6.0,8.0,0.75,False,False,False,False,True,use,True,True,single_predictor,gammatone-1,/Users/yanyuwoo/Desktop/mcmaster-project/alice-comprehension-neural-prediction/analysis/trf_pipeline/results/by_predictor/gammatone-1/subject_results.csv,
2026-08-25T16:40:13,sub-37,gammatone-1,gammatone-1,boosting,0.5-20,story-segments,mastoids,,-0.1,1.0,50,continuous,ok,,,,0.0183439975958774,0.0132295641018222,0.0687687391028851,-0.0393477493648628,0.0297627023605854,40,0.6557377049180327,14,31,61,False,"(61, 56)",True,True,True,"<BoostingResult eeg ~ gammatone-1, -0.1 - 1, error=l1, basis=0.05, partitions=5, test=1, selective_stopping=1>",0.0003751153717378,/Users/yanyuwoo/Data/bids/derivatives/eelbrain/cache/trf/sub-37/subject-37_raw-0.5-20_epoch-story-segments_reference-mastoids_key-888a499bc642c55c.pickle,pass,True,,8.0,8.0,1.0,False,False,False,False,True,use,True,True,single_predictor,gammatone-1,/Users/yanyuwoo/Desktop/mcmaster-project/alice-comprehension-neural-prediction/analysis/trf_pipeline/results/by_predictor/gammatone-1/subject_results.csv,
2026-08-25T16:40:16,sub-38,gammatone-1,gammatone-1,boosting,0.5-20,story-segments,mastoids,,-0.1,1.0,50,continuous,ok,,,,0.0686282635026416,0.0788520491516532,0.1083187742200974,-0.0298589374978535,0.0331702655801803,58,0.9508196721311476,33,26,61,False,"(61, 56)",True,True,True,"<BoostingResult eeg ~ gammatone-1, -0.1 - 1, error=l1, basis=0.05, partitions=5, test=1, selective_stopping=1>",0.0018214489314752,/Users/yanyuwoo/Data/bids/derivatives/eelbrain/cache/trf/sub-38/subject-38_raw-0.5-20_epoch-story-segments_reference-mastoids_key-dbb92ca1f90b6bf4.pickle,pass,True,,8.0,8.0,1.0,False,False,False,False,True,use,True,True,single_predictor,gammatone-1,/Users/yanyuwoo/Desktop/mcmaster-project/alice-comprehension-neural-prediction/analysis/trf_pipeline/results/by_predictor/gammatone-1/subject_results.csv,
2026-08-25T16:40:20,sub-39,gammatone-1,gammatone-1,boosting,0.5-20,story-segments,mastoids,,-0.1,1.0,50,continuous,ok,,,,0.0201501139764228,0.0214085088508963,0.0770929821466704,-0.0417693371348327,0.0262580983454768,50,0.819672131147541,58,22,61,False,"(61, 56)",True,True,True,"<BoostingResult eeg ~ gammatone-1, -0.1 - 1, error=l1, basis=0.05, partitions=5, test=1, selective_stopping=1>",0.0002900335944134,/Users/yanyuwoo/Data/bids/derivatives/eelbrain/cache/trf/sub-39/subject-39_raw-0.5-20_epoch-story-segments_reference-mastoids_key-4782c04ec78fe623.pickle,pass,True,,3.0,8.0,0.375,False,False,False,True,True,use,True,True,single_predictor,gammatone-1,/Users/yanyuwoo/Desktop/mcmaster-project/alice-comprehension-neural-prediction/analysis/trf_pipeline/results/by_predictor/gammatone-1/subject_results.csv,
2026-08-25T16:40:23,sub-40,gammatone-1,gammatone-1,boosting,0.5-20,story-segments,mastoids,,-0.1,1.0,50,continuous,ok,,,,0.026085640009767,0.0307398906582191,0.0596013748319745,-0.0574056179995461,0.0238370582545461,53,0.8688524590163934,36,26,61,False,"(61, 56)",True,True,True,"<BoostingResult eeg ~ gammatone-1, -0.1 - 1, error=l1, basis=0.05, partitions=5, test=1, selective_stopping=1>",0.0003782035189698,/Users/yanyuwoo/Data/bids/derivatives/eelbrain/cache/trf/sub-40/subject-40_raw-0.5-20_epoch-story-segments_reference-mastoids_key-516f8fce94348a3f.pickle,pass,True,,6.0,8.0,0.75,False,False,False,False,True,use,True,True,single_predictor,gammatone-1,/Users/yanyuwoo/Desktop/mcmaster-project/alice-comprehension-neural-prediction/analysis/trf_pipeline/results/by_predictor/gammatone-1/subject_results.csv,
2026-08-25T16:40:26,sub-41,gammatone-1,gammatone-1,boosting,0.5-20,story-segments,mastoids,,-0.1,1.0,50,continuous,ok,,,,0.0226228083823572,0.022305375038373,0.0738971548961,-0.0199419496856488,0.0228718648701164,49,0.8032786885245902,58,56,61,False,"(61, 56)",True,True,True,"<BoostingResult eeg ~ gammatone-1, -0.1 - 1, error=l1, basis=0.05, partitions=5, test=1, selective_stopping=1>",0.0005496457338276,/Users/yanyuwoo/Data/bids/derivatives/eelbrain/cache/trf/sub-41/subject-41_raw-0.5-20_epoch-story-segments_reference-mastoids_key-24c4f803f5b30f7e.pickle,pass,True,,7.0,8.0,0.875,False,False,False,False,True,use,True,True,single_predictor,gammatone-1,/Users/yanyuwoo/Desktop/mcmaster-project/alice-comprehension-neural-prediction/analysis/trf_pipeline/results/by_predictor/gammatone-1/subject_results.csv,
2026-08-25T16:40:28,sub-42,gammatone-1,gammatone-1,boosting,0.5-20,story-segments,mastoids,,-0.1,1.0,50,continuous,ok,,,,0.0429246735344144,0.053406585680146,0.1193950637303135,-0.0609125894709216,0.0422773217527285,50,0.819672131147541,10,52,61,False,"(61, 56)",True,True,True,"<BoostingResult eeg ~ gammatone-1, -0.1 - 1, error=l1, basis=0.05, partitions=5, test=1, selective_stopping=1>",0.0017081937467786,/Users/yanyuwoo/Data/bids/derivatives/eelbrain/cache/trf/sub-42/subject-42_raw-0.5-20_epoch-story-segments_reference-mastoids_key-8e7bfaca4cc3c1c5.pickle,pass,True,,7.0,8.0,0.875,False,False,False,False,True,use,True,True,single_predictor,gammatone-1,/Users/yanyuwoo/Desktop/mcmaster-project/alice-comprehension-neural-prediction/analysis/trf_pipeline/results/by_predictor/gammatone-1/subject_results.csv,
2026-08-25T16:40:32,sub-43,gammatone-1,gammatone-1,boosting,0.5-20,story-segments,mastoids,,-0.1,1.0,50,continuous,ok,,,,0.0071879433459547,0.0056808845611655,0.0639329114258522,-0.0294056715339501,0.0195014348516372,36,0.5901639344262295,59,28,61,False,"(61, 56)",True,True,True,"<BoostingResult eeg ~ gammatone-1, -0.1 - 1, error=l1, basis=0.05, partitions=5, test=1, selective_stopping=1>",3.056718459648611e-05,/Users/yanyuwoo/Data/bids/derivatives/eelbrain/cache/trf/sub-43/subject-43_raw-0.5-20_epoch-story-segments_reference-mastoids_key-95e15a84ac56b28b.pickle,pass,True,,2.0,8.0,0.25,True,False,False,False,True,exclude: low score,True,True,single_predictor,gammatone-1,/Users/yanyuwoo/Desktop/mcmaster-project/alice-comprehension-neural-prediction/analysis/trf_pipeline/results/by_predictor/gammatone-1/subject_results.csv,
2026-08-25T16:40:35,sub-44,gammatone-1,gammatone-1,boosting,0.5-20,story-segments,mastoids,,-0.1,1.0,50,continuous,ok,,,,0.0563519414218145,0.0604333637132161,0.1245826676499755,-0.0378489596814964,0.039647787621981,57,0.9344262295081968,49,27,61,False,"(61, 56)",True,True,True,"<BoostingResult eeg ~ gammatone-1, -0.1 - 1, error=l1, basis=0.05, partitions=5, test=1, selective_stopping=1>",0.0018513102344281,/Users/yanyuwoo/Data/bids/derivatives/eelbrain/cache/trf/sub-44/subject-44_raw-0.5-20_epoch-story-segments_reference-mastoids_key-99aaa3cfc3578acc.pickle,pass,True,,7.0,8.0,0.875,False,False,False,False,True,use,True,True,single_predictor,gammatone-1,/Users/yanyuwoo/Desktop/mcmaster-project/alice-comprehension-neural-prediction/analysis/trf_pipeline/results/by_predictor/gammatone-1/subject_results.csv,
2026-08-25T16:40:39,sub-45,gammatone-1,gammatone-1,boosting,0.5-20,story-segments,mastoids,,-0.1,1.0,50,continuous,ok,,,,0.0766264826616566,0.0827321382106989,0.132246049684301,0.0008242056585279,0.0375433944477691,61,1.0,36,53,61,False,"(61, 56)",True,True,True,"<BoostingResult eeg ~ gammatone-1, -0.1 - 1, error=l1, basis=0.05, partitions=5, test=1, selective_stopping=1>",0.0035878234354423,/Users/yanyuwoo/Data/bids/derivatives/eelbrain/cache/trf/sub-45/subject-45_raw-0.5-20_epoch-story-segments_reference-mastoids_key-30a2a3f8df0a887b.pickle,pass,True,,5.0,8.0,0.625,False,False,False,False,True,use,True,True,single_predictor,gammatone-1,/Users/yanyuwoo/Desktop/mcmaster-project/alice-comprehension-neural-prediction/analysis/trf_pipeline/results/by_predictor/gammatone-1/subject_results.csv,
2026-08-25T16:40:44,sub-46,gammatone-1,gammatone-1,boosting,0.5-20,story-segments,mastoids,,-0.1,1.0,50,continuous,ok,,,,-0.0307735928681079,-0.032840854076351,-0.0035018948019624,-0.0492731613851239,0.0106671566568083,0,0.0,56,42,61,False,"(61, 56)",True,True,True,"<BoostingResult eeg ~ gammatone-1, -0.1 - 1, error=l1, basis=0.05, partitions=5, test=1, selective_stopping=1>",-0.000243489296051,/Users/yanyuwoo/Data/bids/derivatives/eelbrain/cache/trf/sub-46/subject-46_raw-0.5-20_epoch-story-segments_reference-mastoids_key-9be5f4c8d79e4d7c.pickle,pass,True,,3.0,8.0,0.375,True,True,False,False,False,exclude: low score & noise,True,False,single_predictor,gammatone-1,/Users/yanyuwoo/Desktop/mcmaster-project/alice-comprehension-neural-prediction/analysis/trf_pipeline/results/by_predictor/gammatone-1/subject_results.csv,
2026-08-25T16:40:46,sub-47,gammatone-1,gammatone-1,boosting,0.5-20,story-segments,mastoids,,-0.1,1.0,50,continuous,ok,,,,-0.0025913448368308,-0.0010575419949134,0.0528196889013717,-0.0398755157004353,0.0164715644390451,26,0.4262295081967213,51,32,61,False,"(61, 56)",True,True,True,"<BoostingResult eeg ~ gammatone-1, -0.1 - 1, error=l1, basis=0.05, partitions=5, test=1, selective_stopping=1>",0.0001189853217043,/Users/yanyuwoo/Data/bids/derivatives/eelbrain/cache/trf/sub-47/subject-47_raw-0.5-20_epoch-story-segments_reference-mastoids_key-a6493d4496c4dd29.pickle,pass,True,,4.0,8.0,0.5,True,True,False,False,False,exclude: low score & noise,True,False,single_predictor,gammatone-1,/Users/yanyuwoo/Desktop/mcmaster-project/alice-comprehension-neural-prediction/analysis/trf_pipeline/results/by_predictor/gammatone-1/subject_results.csv,
2026-08-25T16:40:48,sub-48,gammatone-1,gammatone-1,boosting,0.5-20,story-segments,mastoids,,-0.1,1.0,50,continuous,ok,,,,0.0147077308255545,0.0154053279595567,0.0592671100183492,-0.0341836870888722,0.016630252990436,51,0.8360655737704918,25,18,61,False,"(61, 56)",True,True,True,"<BoostingResult eeg ~ gammatone-1, -0.1 - 1, error=l1, basis=0.05, partitions=5, test=1, selective_stopping=1>",0.0002503209211379,/Users/yanyuwoo/Data/bids/derivatives/eelbrain/cache/trf/sub-48/subject-48_raw-0.5-20_epoch-story-segments_reference-mastoids_key-984b2b7cb27372ed.pickle,pass,True,,7.0,8.0,0.875,False,False,False,False,True,use,True,True,single_predictor,gammatone-1,/Users/yanyuwoo/Desktop/mcmaster-project/alice-comprehension-neural-prediction/analysis/trf_pipeline/results/by_predictor/gammatone-1/subject_results.csv,
2026-08-25T16:40:50,sub-49,gammatone-1,gammatone-1,boosting,0.5-20,story-segments,mastoids,,-0.1,1.0,50,continuous,ok,,,,0.0137463638754841,0.0109412286932033,0.0665852638575754,-0.0428181392824036,0.0254581608127509,42,0.6885245901639344,19,27,61,False,"(61, 56)",True,True,True,"<BoostingResult eeg ~ gammatone-1, -0.1 - 1, error=l1, basis=0.05, partitions=5, test=1, selective_stopping=1>",0.000393981196888,/Users/yanyuwoo/Data/bids/derivatives/eelbrain/cache/trf/sub-49/subject-49_raw-0.5-20_epoch-story-segments_reference-mastoids_key-deb2c5c32120e5fe.pickle,pass,True,,6.0,8.0,0.75,False,True,False,False,False,exclude: noise,True,False,single_predictor,gammatone-1,/Users/yanyuwoo/Desktop/mcmaster-project/alice-comprehension-neural-prediction/analysis/trf_pipeline/results/by_predictor/gammatone-1/subject_results.csv,
2026-08-24T18:20:12,sub-01,gammatone-8,gammatone-8,boosting,0.5-20,story-segments,mastoids,,-0.1,1.0,50,continuous,ok,,,,0.0436441057468323,0.0428517780229407,0.1221457902178703,-0.0454498586182788,0.0430148963521388,50,0.819672131147541,41,61,61,False,"(61, 8, 56)",True,True,True,"<BoostingResult eeg ~ gammatone-8, -0.1 - 1, error=l1, basis=0.05, partitions=5, test=1, selective_stopping=1>",0.0024931966000053,/Users/yanyuwoo/Data/bids/derivatives/eelbrain/cache/trf/sub-01/subject-01_raw-0.5-20_epoch-story-segments_reference-mastoids_key-395b738b53c4e279.pickle,pass,True,,6.0,8.0,0.75,False,False,False,False,True,use,True,True,single_predictor,gammatone-8,/Users/yanyuwoo/Desktop/mcmaster-project/alice-comprehension-neural-prediction/analysis/trf_pipeline/results/by_predictor/gammatone-8/subject_results.csv,
2026-08-24T18:20:12,sub-02,gammatone-8,gammatone-8,boosting,0.5-20,story-segments,mastoids,,-0.1,1.0,50,continuous,ok,,,,0.0579375923032028,0.068971648913692,0.1230345251953246,-0.0473010902407819,0.0452102678474555,54,0.8852459016393442,57,50,61,False,"(61, 8, 56)",True,True,True,"<BoostingResult eeg ~ gammatone-8, -0.1 - 1, error=l1, basis=0.05, partitions=5, test=1, selective_stopping=1>",0.0026353680383704,/Users/yanyuwoo/Data/bids/derivatives/eelbrain/cache/trf/sub-02/subject-02_raw-0.5-20_epoch-story-segments_reference-mastoids_key-88c1cd4ef9db03f8.pickle,pass,True,,6.0,8.0,0.75,False,True,False,False,False,exclude: noise,True,False,single_predictor,gammatone-8,/Users/yanyuwoo/Desktop/mcmaster-project/alice-comprehension-neural-prediction/analysis/trf_pipeline/results/by_predictor/gammatone-8/subject_results.csv,
2026-08-24T18:20:12,sub-03,gammatone-8,gammatone-8,boosting,0.5-20,story-segments,mastoids,,-0.1,1.0,50,continuous,ok,,,,0.0421181167542881,0.0464492072687375,0.0749064311750995,-0.0224471644261082,0.0259095050993712,56,0.918032786885246,56,12,61,False,"(61, 8, 56)",True,True,True,"<BoostingResult eeg ~ gammatone-8, -0.1 - 1, error=l1, basis=0.05, partitions=5, test=1, selective_stopping=1>",0.0010469412971777,/Users/yanyuwoo/Data/bids/derivatives/eelbrain/cache/trf/sub-03/subject-03_raw-0.5-20_epoch-story-segments_reference-mastoids_key-5864591b5c0fe65b.pickle,pass,True,,6.0,8.0,0.75,False,False,False,False,True,use,True,True,single_predictor,gammatone-8,/Users/yanyuwoo/Desktop/mcmaster-project/alice-comprehension-neural-prediction/analysis/trf_pipeline/results/by_predictor/gammatone-8/subject_results.csv,
2026-08-24T18:20:12,sub-04,gammatone-8,gammatone-8,boosting,0.5-20,story-segments,mastoids,,-0.1,1.0,50,continuous,ok,,,,0.0110659243845777,0.0110065896604221,0.059521672128601,-0.0498025594592954,0.0292134280586098,36,0.5901639344262295,31,52,61,False,"(61, 8, 56)",True,True,True,"<BoostingResult eeg ~ gammatone-8, -0.1 - 1, error=l1, basis=0.05, partitions=5, test=1, selective_stopping=1>",0.000119775009462,/Users/yanyuwoo/Data/bids/derivatives/eelbrain/cache/trf/sub-04/subject-04_raw-0.5-20_epoch-story-segments_reference-mastoids_key-7b5f351dbdc5fbb7.pickle,pass,True,,7.0,8.0,0.875,False,False,False,False,True,use,True,True,single_predictor,gammatone-8,/Users/yanyuwoo/Desktop/mcmaster-project/alice-comprehension-neural-prediction/analysis/trf_pipeline/results/by_predictor/gammatone-8/subject_results.csv,
2026-08-24T18:20:12,sub-05,gammatone-8,gammatone-8,boosting,0.5-20,story-segments,mastoids,,-0.1,1.0,50,continuous,ok,,,,0.0293064932759881,0.0265413505767368,0.0785104217777745,-0.0140996659270295,0.017761595109745,59,0.9672131147540984,50,54,61,False,"(61, 8, 56)",True,True,True,"<BoostingResult eeg ~ gammatone-8, -0.1 - 1, error=l1, basis=0.05, partitions=5, test=1, selective_stopping=1>",0.0006407739740432,/Users/yanyuwoo/Data/bids/derivatives/eelbrain/cache/trf/sub-05/subject-05_raw-0.5-20_epoch-story-segments_reference-mastoids_key-68d8312e579c2a9e.pickle,pass,True,,7.0,8.0,0.875,False,False,False,False,True,use,True,True,single_predictor,gammatone-8,/Users/yanyuwoo/Desktop/mcmaster-project/alice-comprehension-neural-prediction/analysis/trf_pipeline/results/by_predictor/gammatone-8/subject_results.csv,
2026-08-24T18:20:12,sub-06,gammatone-8,gammatone-8,boosting,0.5-20,story-segments,mastoids,,-0.1,1.0,50,continuous,ok,,,,0.0270204974921498,0.0257596089943758,0.0966634077831506,-0.0349364152462316,0.0267974096359851,53,0.8688524590163934,50,58,61,False,"(61, 8, 56)",True,True,True,"<BoostingResult eeg ~ gammatone-8, -0.1 - 1, error=l1, basis=0.05, partitions=5, test=1, selective_stopping=1>",0.0008815205094912,/Users/yanyuwoo/Data/bids/derivatives/eelbrain/cache/trf/sub-06/subject-06_raw-0.5-20_epoch-story-segments_reference-mastoids_key-90fe76713d4a6f82.pickle,pass,True,,5.0,8.0,0.625,False,False,False,False,True,use,True,True,single_predictor,gammatone-8,/Users/yanyuwoo/Desktop/mcmaster-project/alice-comprehension-neural-prediction/analysis/trf_pipeline/results/by_predictor/gammatone-8/subject_results.csv,
2026-08-24T18:20:12,sub-07,gammatone-8,gammatone-8,boosting,0.5-20,story-segments,mastoids,,-0.1,1.0,50,continuous,ok,,,,0.0545209198586034,0.0634441504744569,0.0936200434765478,-0.0105680113509348,0.0271104389593609,60,0.9836065573770492,19,30,61,False,"(61, 8, 56)",True,True,True,"<BoostingResult eeg ~ gammatone-8, -0.1 - 1, error=l1, basis=0.05, partitions=5, test=1, selective_stopping=1>",0.0020746947003021,/Users/yanyuwoo/Data/bids/derivatives/eelbrain/cache/trf/sub-07/subject-07_raw-0.5-20_epoch-story-segments_reference-mastoids_key-1b0735ad39948a60.pickle,pass,True,,4.0,8.0,0.5,True,False,False,False,True,exclude: low score,True,True,single_predictor,gammatone-8,/Users/yanyuwoo/Desktop/mcmaster-project/alice-comprehension-neural-prediction/analysis/trf_pipeline/results/by_predictor/gammatone-8/subject_results.csv,
2026-08-24T18:20:12,sub-08,gammatone-8,gammatone-8,boosting,0.5-20,story-segments,mastoids,,-0.1,1.0,50,continuous,ok,,,,0.0273162150110032,0.0318833540757171,0.0617152100558899,-0.0181877149646614,0.0205893462277352,53,0.8688524590163934,19,26,61,False,"(61, 8, 56)",True,True,True,"<BoostingResult eeg ~ gammatone-8, -0.1 - 1, error=l1, basis=0.05, partitions=5, test=1, selective_stopping=1>",0.0008893549283029,/Users/yanyuwoo/Data/bids/derivatives/eelbrain/cache/trf/sub-08/subject-08_raw-0.5-20_epoch-story-segments_reference-mastoids_key-f46b51b398a9c4b8.pickle,pass,True,,6.0,8.0,0.75,False,False,False,False,True,use,True,True,single_predictor,gammatone-8,/Users/yanyuwoo/Desktop/mcmaster-project/alice-comprehension-neural-prediction/analysis/trf_pipeline/results/by_predictor/gammatone-8/subject_results.csv,
2026-08-24T18:20:12,sub-09,gammatone-8,gammatone-8,boosting,0.5-20,story-segments,mastoids,,-0.1,1.0,50,continuous,ok,,,,0.0437199128006282,0.0437677211049693,0.1027201255393771,-0.0139990552060892,0.029368396237294,57,0.9344262295081968,11,46,61,False,"(61, 8, 56)",True,True,True,"<BoostingResult eeg ~ gammatone-8, -0.1 - 1, error=l1, basis=0.05, partitions=5, test=1, selective_stopping=1>",0.0014540395921001,/Users/yanyuwoo/Data/bids/derivatives/eelbrain/cache/trf/sub-09/subject-09_raw-0.5-20_epoch-story-segments_reference-mastoids_key-f94eb9e4cabb6e23.pickle,fail,False,audio_alignment_failed,2.0,8.0,0.25,True,False,False,False,True,exclude: low score,False,False,single_predictor,gammatone-8,/Users/yanyuwoo/Desktop/mcmaster-project/alice-comprehension-neural-prediction/analysis/trf_pipeline/results/by_predictor/gammatone-8/subject_results.csv,
2026-08-24T18:20:12,sub-10,gammatone-8,gammatone-8,boosting,0.5-20,story-segments,mastoids,,-0.1,1.0,50,continuous,ok,,,,0.0200199694648607,0.0190630549862671,0.107820795097109,-0.0333523256085451,0.0266936776870639,46,0.7540983606557377,51,31,61,False,"(61, 8, 56)",True,True,True,"<BoostingResult eeg ~ gammatone-8, -0.1 - 1, error=l1, basis=0.05, partitions=5, test=1, selective_stopping=1>",0.000508936680949,/Users/yanyuwoo/Data/bids/derivatives/eelbrain/cache/trf/sub-10/subject-10_raw-0.5-20_epoch-story-segments_reference-mastoids_key-3e68975d62b9f892.pickle,pass,True,,5.0,8.0,0.625,False,False,False,False,True,use,True,True,single_predictor,gammatone-8,/Users/yanyuwoo/Desktop/mcmaster-project/alice-comprehension-neural-prediction/analysis/trf_pipeline/results/by_predictor/gammatone-8/subject_results.csv,
2026-08-24T18:20:12,sub-11,gammatone-8,gammatone-8,boosting,0.5-20,story-segments,mastoids,,-0.1,1.0,50,continuous,ok,,,,0.0039874328086905,0.0091043354607344,0.0484205714131468,-0.0700356297919081,0.0264953488185438,37,0.6065573770491803,32,25,61,False,"(61, 8, 56)",True,True,True,"<BoostingResult eeg ~ gammatone-8, -0.1 - 1, error=l1, basis=0.05, partitions=5, test=1, selective_stopping=1>",-0.0002141431625857,/Users/yanyuwoo/Data/bids/derivatives/eelbrain/cache/trf/sub-11/subject-11_raw-0.5-20_epoch-story-segments_reference-mastoids_key-b356fb626e7295a5.pickle,pass,True,,6.0,8.0,0.75,False,False,False,False,True,use,True,True,single_predictor,gammatone-8,/Users/yanyuwoo/Desktop/mcmaster-project/alice-comprehension-neural-prediction/analysis/trf_pipeline/results/by_predictor/gammatone-8/subject_results.csv,
2026-08-24T18:20:12,sub-12,gammatone-8,gammatone-8,boosting,0.5-20,story-segments,mastoids,,-0.1,1.0,50,continuous,ok,,,,0.0344080105174141,0.0363091830245657,0.088183199558432,-0.0093424179009287,0.0192993313724002,58,0.9508196721311476,49,56,61,False,"(61, 8, 56)",True,True,True,"<BoostingResult eeg ~ gammatone-8, -0.1 - 1, error=l1, basis=0.05, partitions=5, test=1, selective_stopping=1>",0.0009322249046113,/Users/yanyuwoo/Data/bids/derivatives/eelbrain/cache/trf/sub-12/subject-12_raw-0.5-20_epoch-story-segments_reference-mastoids_key-603526c8e05cd097.pickle,pass,True,,6.0,8.0,0.75,False,False,False,False,True,use,True,True,single_predictor,gammatone-8,/Users/yanyuwoo/Desktop/mcmaster-project/alice-comprehension-neural-prediction/analysis/trf_pipeline/results/by_predictor/gammatone-8/subject_results.csv,
2026-08-24T18:20:12,sub-13,gammatone-8,gammatone-8,boosting,0.5-20,story-segments,mastoids,,-0.1,1.0,50,continuous,ok,,,,0.0773206037338425,0.0744245105579372,0.1910247463895203,-0.0265729568007595,0.0641151791337354,51,0.8360655737704918,44,52,61,False,"(61, 8, 56)",True,True,True,"<BoostingResult eeg ~ gammatone-8, -0.1 - 1, error=l1, basis=0.05, partitions=5, test=1, selective_stopping=1>",0.0069413721924623,/Users/yanyuwoo/Data/bids/derivatives/eelbrain/cache/trf/sub-13/subject-13_raw-0.5-20_epoch-story-segments_reference-mastoids_key-5667eb0951d052a3.pickle,pass,True,,8.0,8.0,1.0,False,False,False,False,True,use,True,True,single_predictor,gammatone-8,/Users/yanyuwoo/Desktop/mcmaster-project/alice-comprehension-neural-prediction/analysis/trf_pipeline/results/by_predictor/gammatone-8/subject_results.csv,
2026-08-24T18:20:12,sub-14,gammatone-8,gammatone-8,boosting,0.5-20,story-segments,mastoids,,-0.1,1.0,50,continuous,ok,,,,0.0867197941056857,0.0927673387186679,0.1586490670364051,-0.0109994730370932,0.0446173199272095,59,0.9672131147540984,59,28,61,False,"(61, 8, 56)",True,True,True,"<BoostingResult eeg ~ gammatone-8, -0.1 - 1, error=l1, basis=0.05, partitions=5, test=1, selective_stopping=1>",0.0054079210055491,/Users/yanyuwoo/Data/bids/derivatives/eelbrain/cache/trf/sub-14/subject-14_raw-0.5-20_epoch-story-segments_reference-mastoids_key-6d4602c11b1d60d6.pickle,pass,True,,4.0,4.0,1.0,False,False,True,False,True,use,True,True,single_predictor,gammatone-8,/Users/yanyuwoo/Desktop/mcmaster-project/alice-comprehension-neural-prediction/analysis/trf_pipeline/results/by_predictor/gammatone-8/subject_results.csv,
2026-08-24T18:20:12,sub-15,gammatone-8,gammatone-8,boosting,0.5-20,story-segments,mastoids,,-0.1,1.0,50,continuous,ok,,,,0.0584781799393387,0.0639483851594675,0.1333646295838648,-0.0426840781651927,0.0457363973828571,52,0.8524590163934426,58,53,61,False,"(61, 8, 56)",True,True,True,"<BoostingResult eeg ~ gammatone-8, -0.1 - 1, error=l1, basis=0.05, partitions=5, test=1, selective_stopping=1>",0.0035578790313183,/Users/yanyuwoo/Data/bids/derivatives/eelbrain/cache/trf/sub-15/subject-15_raw-0.5-20_epoch-story-segments_reference-mastoids_key-e20de061ee598b02.pickle,pass,True,,4.0,4.0,1.0,False,False,True,False,True,use,True,True,single_predictor,gammatone-8,/Users/yanyuwoo/Desktop/mcmaster-project/alice-comprehension-neural-prediction/analysis/trf_pipeline/results/by_predictor/gammatone-8/subject_results.csv,
2026-08-24T18:20:12,sub-16,gammatone-8,gammatone-8,boosting,0.5-20,story-segments,mastoids,,-0.1,1.0,50,continuous,ok,,,,0.0556651214714848,0.0540131104154505,0.1240361668655535,-0.0038083998434447,0.0389980556373903,57,0.9344262295081968,34,58,61,False,"(61, 8, 56)",True,True,True,"<BoostingResult eeg ~ gammatone-8, -0.1 - 1, error=l1, basis=0.05, partitions=5, test=1, selective_stopping=1>",0.0026278006891299,/Users/yanyuwoo/Data/bids/derivatives/eelbrain/cache/trf/sub-16/subject-16_raw-0.5-20_epoch-story-segments_reference-mastoids_key-1c71e96b2fc2507b.pickle,fail,False,audio_alignment_failed,6.0,8.0,0.75,False,False,False,False,True,use,False,False,single_predictor,gammatone-8,/Users/yanyuwoo/Desktop/mcmaster-project/alice-comprehension-neural-prediction/analysis/trf_pipeline/results/by_predictor/gammatone-8/subject_results.csv,
2026-08-24T18:20:12,sub-17,gammatone-8,gammatone-8,boosting,0.5-20,story-segments,mastoids,,-0.1,1.0,50,continuous,ok,,,,0.0559308674695739,0.0546328209444245,0.1113421570301213,-0.015410031468512,0.0305085559057607,57,0.9344262295081968,60,17,61,False,"(61, 8, 56)",True,True,True,"<BoostingResult eeg ~ gammatone-8, -0.1 - 1, error=l1, basis=0.05, partitions=5, test=1, selective_stopping=1>",0.0018553021277375,/Users/yanyuwoo/Data/bids/derivatives/eelbrain/cache/trf/sub-17/subject-17_raw-0.5-20_epoch-story-segments_reference-mastoids_key-00e84734ad5738d1.pickle,pass,True,,6.0,8.0,0.75,False,False,False,False,True,use,True,True,single_predictor,gammatone-8,/Users/yanyuwoo/Desktop/mcmaster-project/alice-comprehension-neural-prediction/analysis/trf_pipeline/results/by_predictor/gammatone-8/subject_results.csv,
2026-08-24T18:20:12,sub-18,gammatone-8,gammatone-8,boosting,0.5-20,story-segments,mastoids,,-0.1,1.0,50,continuous,ok,,,,0.0473976674832104,0.0483446797987021,0.0857379943245796,-0.0110122505366735,0.0252579774104518,59,0.9672131147540984,41,26,61,False,"(61, 8, 56)",True,True,True,"<BoostingResult eeg ~ gammatone-8, -0.1 - 1, error=l1, basis=0.05, partitions=5, test=1, selective_stopping=1>",0.0014130640261805,/Users/yanyuwoo/Data/bids/derivatives/eelbrain/cache/trf/sub-18/subject-18_raw-0.5-20_epoch-story-segments_reference-mastoids_key-3e84f0cb73e913c0.pickle,pass,True,,7.0,8.0,0.875,False,False,False,False,True,use,True,True,single_predictor,gammatone-8,/Users/yanyuwoo/Desktop/mcmaster-project/alice-comprehension-neural-prediction/analysis/trf_pipeline/results/by_predictor/gammatone-8/subject_results.csv,
2026-08-24T18:20:13,sub-19,gammatone-8,gammatone-8,boosting,0.5-20,story-segments,mastoids,,-0.1,1.0,50,continuous,ok,,,,0.0329696594212445,0.0320212981870696,0.0679227972660114,-0.028864390219038,0.022432563111013,56,0.918032786885246,33,32,61,False,"(61, 8, 56)",True,True,True,"<BoostingResult eeg ~ gammatone-8, -0.1 - 1, error=l1, basis=0.05, partitions=5, test=1, selective_stopping=1>",0.0010980333886622,/Users/yanyuwoo/Data/bids/derivatives/eelbrain/cache/trf/sub-19/subject-19_raw-0.5-20_epoch-story-segments_reference-mastoids_key-95628d5100cbe61d.pickle,pass,True,,8.0,8.0,1.0,False,False,False,False,True,use,True,True,single_predictor,gammatone-8,/Users/yanyuwoo/Desktop/mcmaster-project/alice-comprehension-neural-prediction/analysis/trf_pipeline/results/by_predictor/gammatone-8/subject_results.csv,
2026-08-24T18:20:13,sub-20,gammatone-8,gammatone-8,boosting,0.5-20,story-segments,mastoids,,-0.1,1.0,50,continuous,ok,,,,0.0130586500890059,0.0100616312444738,0.0991131699629489,-0.0271228214761238,0.0214961560120212,47,0.7704918032786885,50,17,61,False,"(61, 8, 56)",True,True,True,"<BoostingResult eeg ~ gammatone-8, -0.1 - 1, error=l1, basis=0.05, partitions=5, test=1, selective_stopping=1>",0.0002203286792412,/Users/yanyuwoo/Data/bids/derivatives/eelbrain/cache/trf/sub-20/subject-20_raw-0.5-20_epoch-story-segments_reference-mastoids_key-17dd9bdc8b24b1ab.pickle,pass,True,,5.0,8.0,0.625,False,False,False,False,True,use,True,True,single_predictor,gammatone-8,/Users/yanyuwoo/Desktop/mcmaster-project/alice-comprehension-neural-prediction/analysis/trf_pipeline/results/by_predictor/gammatone-8/subject_results.csv,
2026-08-24T18:20:13,sub-21,gammatone-8,gammatone-8,boosting,0.5-20,story-segments,mastoids,,-0.1,1.0,50,continuous,ok,,,,0.0262675019830851,0.0252771726387692,0.0644529281488497,-0.0365113611275876,0.023171938427631,54,0.8852459016393442,49,40,61,False,"(61, 8, 56)",True,True,True,"<BoostingResult eeg ~ gammatone-8, -0.1 - 1, error=l1, basis=0.05, partitions=5, test=1, selective_stopping=1>",0.0012164418708326,/Users/yanyuwoo/Data/bids/derivatives/eelbrain/cache/trf/sub-21/subject-21_raw-0.5-20_epoch-story-segments_reference-mastoids_key-6e82958688debc8c.pickle,pass,True,,,,,False,False,False,False,False,use,False,False,single_predictor,gammatone-8,/Users/yanyuwoo/Desktop/mcmaster-project/alice-comprehension-neural-prediction/analysis/trf_pipeline/results/by_predictor/gammatone-8/subject_results.csv,
2026-08-24T18:20:13,sub-22,gammatone-8,gammatone-8,boosting,0.5-20,story-segments,mastoids,,-0.1,1.0,50,continuous,ok,,,,0.0047917703523106,0.0058972309785181,0.0649354373170996,-0.0495219966334109,0.0267162945831547,36,0.5901639344262295,49,19,61,False,"(61, 8, 56)",True,True,True,"<BoostingResult eeg ~ gammatone-8, -0.1 - 1, error=l1, basis=0.05, partitions=5, test=1, selective_stopping=1>",-6.4315525201342015e-06,/Users/yanyuwoo/Data/bids/derivatives/eelbrain/cache/trf/sub-22/subject-22_raw-0.5-20_epoch-story-segments_reference-mastoids_key-d5d18415099f7fca.pickle,pass,True,,6.0,8.0,0.75,False,False,False,False,True,use,True,True,single_predictor,gammatone-8,/Users/yanyuwoo/Desktop/mcmaster-project/alice-comprehension-neural-prediction/analysis/trf_pipeline/results/by_predictor/gammatone-8/subject_results.csv,
2026-08-24T18:20:13,sub-23,gammatone-8,gammatone-8,boosting,0.5-20,story-segments,mastoids,,-0.1,1.0,50,continuous,ok,,,,0.0146041994765793,0.0093138044401179,0.0861726731036975,-0.0339713524058419,0.0242884004838765,47,0.7704918032786885,32,55,61,False,"(61, 8, 56)",True,True,True,"<BoostingResult eeg ~ gammatone-8, -0.1 - 1, error=l1, basis=0.05, partitions=5, test=1, selective_stopping=1>",0.0001206751643374,/Users/yanyuwoo/Data/bids/derivatives/eelbrain/cache/trf/sub-23/subject-23_raw-0.5-20_epoch-story-segments_reference-mastoids_key-9453ecf8797b70e8.pickle,pass,True,,3.0,8.0,0.375,True,False,False,False,True,exclude: low score,True,True,single_predictor,gammatone-8,/Users/yanyuwoo/Desktop/mcmaster-project/alice-comprehension-neural-prediction/analysis/trf_pipeline/results/by_predictor/gammatone-8/subject_results.csv,
2026-08-24T18:20:13,sub-24,gammatone-8,gammatone-8,boosting,0.5-20,story-segments,mastoids,,-0.1,1.0,50,continuous,ok,,,,0.0066713812020096,0.0115272708595118,0.061753553839737,-0.050695206407133,0.0283764768472237,37,0.6065573770491803,11,54,61,False,"(61, 8, 56)",True,True,True,"<BoostingResult eeg ~ gammatone-8, -0.1 - 1, error=l1, basis=0.05, partitions=5, test=1, selective_stopping=1>",-5.50574961183654e-05,/Users/yanyuwoo/Data/bids/derivatives/eelbrain/cache/trf/sub-24/subject-24_raw-0.5-20_epoch-story-segments_reference-mastoids_key-55eb504ef25e9509.pickle,pass,True,,4.0,8.0,0.5,True,False,False,False,True,exclude: low score,True,True,single_predictor,gammatone-8,/Users/yanyuwoo/Desktop/mcmaster-project/alice-comprehension-neural-prediction/analysis/trf_pipeline/results/by_predictor/gammatone-8/subject_results.csv,
2026-08-24T18:20:13,sub-25,gammatone-8,gammatone-8,boosting,0.5-20,story-segments,mastoids,,-0.1,1.0,50,continuous,ok,,,,0.0319177269866377,0.030490579103605,0.0604660606268852,-0.030172700482162,0.0176171377231181,58,0.9508196721311476,9,23,61,False,"(61, 8, 56)",True,True,True,"<BoostingResult eeg ~ gammatone-8, -0.1 - 1, error=l1, basis=0.05, partitions=5, test=1, selective_stopping=1>",0.0005837483299759,/Users/yanyuwoo/Data/bids/derivatives/eelbrain/cache/trf/sub-25/subject-25_raw-0.5-20_epoch-story-segments_reference-mastoids_key-c04dbc4d7740791c.pickle,pass,True,,5.0,8.0,0.625,False,False,False,False,True,use,True,True,single_predictor,gammatone-8,/Users/yanyuwoo/Desktop/mcmaster-project/alice-comprehension-neural-prediction/analysis/trf_pipeline/results/by_predictor/gammatone-8/subject_results.csv,
2026-08-24T18:20:13,sub-26,gammatone-8,gammatone-8,boosting,0.5-20,story-segments,mastoids,,-0.1,1.0,50,continuous,ok,,,,0.0197978252083193,0.0212540846348808,0.0602974518505806,-0.0187386388122435,0.0185401769132781,52,0.8524590163934426,9,53,61,False,"(61, 8, 56)",True,True,True,"<BoostingResult eeg ~ gammatone-8, -0.1 - 1, error=l1, basis=0.05, partitions=5, test=1, selective_stopping=1>",0.0008600690372181,/Users/yanyuwoo/Data/bids/derivatives/eelbrain/cache/trf/sub-26/subject-26_raw-0.5-20_epoch-story-segments_reference-mastoids_key-f7c71e25fd185acf.pickle,pass,True,,6.0,8.0,0.75,False,False,False,False,True,use,True,True,single_predictor,gammatone-8,/Users/yanyuwoo/Desktop/mcmaster-project/alice-comprehension-neural-prediction/analysis/trf_pipeline/results/by_predictor/gammatone-8/subject_results.csv,
2026-08-24T18:20:13,sub-27,gammatone-8,gammatone-8,boosting,0.5-20,story-segments,mastoids,,-0.1,1.0,50,continuous,ok,,,,0.0344068536084922,0.0426069266670594,0.0730911433618068,-0.0340732608870957,0.0265821379351453,53,0.8688524590163934,45,22,61,False,"(61, 8, 56)",True,True,True,"<BoostingResult eeg ~ gammatone-8, -0.1 - 1, error=l1, basis=0.05, partitions=5, test=1, selective_stopping=1>",0.0007922281893205,/Users/yanyuwoo/Data/bids/derivatives/eelbrain/cache/trf/sub-27/subject-27_raw-0.5-20_epoch-story-segments_reference-mastoids_key-c4c12f7dd5fcb686.pickle,pass,True,,4.0,8.0,0.5,True,False,False,False,True,exclude: low score,True,True,single_predictor,gammatone-8,/Users/yanyuwoo/Desktop/mcmaster-project/alice-comprehension-neural-prediction/analysis/trf_pipeline/results/by_predictor/gammatone-8/subject_results.csv,
2026-08-24T18:20:13,sub-28,gammatone-8,gammatone-8,boosting,0.5-20,story-segments,mastoids,,-0.1,1.0,50,continuous,ok,,,,0.0525509453967782,0.0546034587019728,0.1043884063721339,-0.0412807735225365,0.0339709759139038,57,0.9344262295081968,36,28,61,False,"(61, 8, 56)",True,True,True,"<BoostingResult eeg ~ gammatone-8, -0.1 - 1, error=l1, basis=0.05, partitions=5, test=1, selective_stopping=1>",0.0021152550005081,/Users/yanyuwoo/Data/bids/derivatives/eelbrain/cache/trf/sub-28/subject-28_raw-0.5-20_epoch-story-segments_reference-mastoids_key-6a526c22212ffcc8.pickle,pass,True,,7.0,8.0,0.875,False,True,False,False,False,exclude: noise,True,False,single_predictor,gammatone-8,/Users/yanyuwoo/Desktop/mcmaster-project/alice-comprehension-neural-prediction/analysis/trf_pipeline/results/by_predictor/gammatone-8/subject_results.csv,
2026-08-24T18:20:13,sub-29,gammatone-8,gammatone-8,boosting,0.5-20,story-segments,mastoids,,-0.1,1.0,50,continuous,ok,,,,0.0031234522376527,1.951623565495899e-05,0.0427132234337509,-0.0514811398809669,0.0216160470656932,31,0.5081967213114754,2,52,61,False,"(61, 8, 56)",True,True,True,"<BoostingResult eeg ~ gammatone-8, -0.1 - 1, error=l1, basis=0.05, partitions=5, test=1, selective_stopping=1>",-0.0002001940100301,/Users/yanyuwoo/Data/bids/derivatives/eelbrain/cache/trf/sub-29/subject-29_raw-0.5-20_epoch-story-segments_reference-mastoids_key-156b178c5eaa35d9.pickle,pass,True,,6.0,8.0,0.75,False,True,False,False,False,exclude: noise,True,False,single_predictor,gammatone-8,/Users/yanyuwoo/Desktop/mcmaster-project/alice-comprehension-neural-prediction/analysis/trf_pipeline/results/by_predictor/gammatone-8/subject_results.csv,
2026-08-24T18:20:13,sub-30,gammatone-8,gammatone-8,boosting,0.5-20,story-segments,mastoids,,-0.1,1.0,50,continuous,ok,,,,0.0017254514614152,0.0015406517940672,0.0313131952107361,-0.0381844268932551,0.0151295894175066,33,0.5409836065573771,60,51,61,False,"(61, 8, 56)",True,True,True,"<BoostingResult eeg ~ gammatone-8, -0.1 - 1, error=l1, basis=0.05, partitions=5, test=1, selective_stopping=1>",-6.552140846602611e-05,/Users/yanyuwoo/Data/bids/derivatives/eelbrain/cache/trf/sub-30/subject-30_raw-0.5-20_epoch-story-segments_reference-mastoids_key-db854c8a889ecc88.pickle,pass,True,,4.0,8.0,0.5,True,False,False,False,True,exclude: low score,True,True,single_predictor,gammatone-8,/Users/yanyuwoo/Desktop/mcmaster-project/alice-comprehension-neural-prediction/analysis/trf_pipeline/results/by_predictor/gammatone-8/subject_results.csv,
2026-08-24T18:20:13,sub-31,gammatone-8,gammatone-8,boosting,0.5-20,story-segments,mastoids,,-0.1,1.0,50,continuous,ok,,,,-0.0158680423237007,-0.0164220140261084,0.0376525775099981,-0.0494986701222025,0.0184087772970397,8,0.1311475409836065,13,24,61,False,"(61, 8, 56)",True,True,True,"<BoostingResult eeg ~ gammatone-8, -0.1 - 1, error=l1, basis=0.05, partitions=5, test=1, selective_stopping=1>",-0.0005812328601339,/Users/yanyuwoo/Data/bids/derivatives/eelbrain/cache/trf/sub-31/subject-31_raw-0.5-20_epoch-story-segments_reference-mastoids_key-ee34c4c946a963a3.pickle,pass,True,,3.0,4.0,0.75,False,True,True,False,False,exclude: noise,True,False,single_predictor,gammatone-8,/Users/yanyuwoo/Desktop/mcmaster-project/alice-comprehension-neural-prediction/analysis/trf_pipeline/results/by_predictor/gammatone-8/subject_results.csv,
2026-08-24T18:20:13,sub-32,gammatone-8,gammatone-8,boosting,0.5-20,story-segments,mastoids,,-0.1,1.0,50,continuous,ok,,,,0.0691266761985548,0.0705998297414139,0.1085795515044442,-0.0039592246528275,0.0249686292377878,60,0.9836065573770492,3,57,61,False,"(61, 8, 56)",True,True,True,"<BoostingResult eeg ~ gammatone-8, -0.1 - 1, error=l1, basis=0.05, partitions=5, test=1, selective_stopping=1>",0.0023214055874634,/Users/yanyuwoo/Data/bids/derivatives/eelbrain/cache/trf/sub-32/subject-32_raw-0.5-20_epoch-story-segments_reference-mastoids_key-76eadf9b4c1f997e.pickle,pass,True,,4.0,8.0,0.5,True,False,False,False,True,exclude: low score,True,True,single_predictor,gammatone-8,/Users/yanyuwoo/Desktop/mcmaster-project/alice-comprehension-neural-prediction/analysis/trf_pipeline/results/by_predictor/gammatone-8/subject_results.csv,
2026-08-24T18:20:13,sub-33,gammatone-8,gammatone-8,boosting,0.5-20,story-segments,mastoids,,-0.1,1.0,50,continuous,ok,,,,-0.0033971172197316,-0.0091968802982215,0.0599347385300509,-0.0430580838190961,0.0227319440662527,22,0.360655737704918,49,57,61,False,"(61, 8, 56)",True,True,True,"<BoostingResult eeg ~ gammatone-8, -0.1 - 1, error=l1, basis=0.05, partitions=5, test=1, selective_stopping=1>",-0.0002305394345575,/Users/yanyuwoo/Data/bids/derivatives/eelbrain/cache/trf/sub-33/subject-33_raw-0.5-20_epoch-story-segments_reference-mastoids_key-f3a647d4c093d8cd.pickle,pass,True,,8.0,8.0,1.0,False,True,False,False,False,exclude: noise,True,False,single_predictor,gammatone-8,/Users/yanyuwoo/Desktop/mcmaster-project/alice-comprehension-neural-prediction/analysis/trf_pipeline/results/by_predictor/gammatone-8/subject_results.csv,
2026-08-24T18:20:13,sub-34,gammatone-8,gammatone-8,boosting,0.5-20,story-segments,mastoids,,-0.1,1.0,50,continuous,ok,,,,0.0228058984002364,0.0248111787959897,0.0638694012146961,-0.0364582967859612,0.0272877674495694,48,0.7868852459016393,1,55,61,False,"(61, 8, 56)",True,True,True,"<BoostingResult eeg ~ gammatone-8, -0.1 - 1, error=l1, basis=0.05, partitions=5, test=1, selective_stopping=1>",0.0008905310313726,/Users/yanyuwoo/Data/bids/derivatives/eelbrain/cache/trf/sub-34/subject-34_raw-0.5-20_epoch-story-segments_reference-mastoids_key-67b52cfcbd50162b.pickle,pass,True,,5.0,8.0,0.625,False,False,False,False,True,use,True,True,single_predictor,gammatone-8,/Users/yanyuwoo/Desktop/mcmaster-project/alice-comprehension-neural-prediction/analysis/trf_pipeline/results/by_predictor/gammatone-8/subject_results.csv,
2026-08-24T18:20:13,sub-35,gammatone-8,gammatone-8,boosting,0.5-20,story-segments,mastoids,,-0.1,1.0,50,continuous,ok,,,,0.0260628259126112,0.0291595378046247,0.0800819767374791,-0.0499315366617127,0.0314985781563057,48,0.7868852459016393,4,61,61,False,"(61, 8, 56)",True,True,True,"<BoostingResult eeg ~ gammatone-8, -0.1 - 1, error=l1, basis=0.05, partitions=5, test=1, selective_stopping=1>",0.0009583851693032,/Users/yanyuwoo/Data/bids/derivatives/eelbrain/cache/trf/sub-35/subject-35_raw-0.5-20_epoch-story-segments_reference-mastoids_key-bd60575b882c066e.pickle,pass,True,,5.0,8.0,0.625,False,False,False,False,True,use,True,True,single_predictor,gammatone-8,/Users/yanyuwoo/Desktop/mcmaster-project/alice-comprehension-neural-prediction/analysis/trf_pipeline/results/by_predictor/gammatone-8/subject_results.csv,
2026-08-24T18:20:13,sub-36,gammatone-8,gammatone-8,boosting,0.5-20,story-segments,mastoids,,-0.1,1.0,50,continuous,ok,,,,0.0358729306947598,0.0405180484412612,0.0705340787834897,-0.0396516460295893,0.0196698479982403,58,0.9508196721311476,9,28,61,False,"(61, 8, 56)",True,True,True,"<BoostingResult eeg ~ gammatone-8, -0.1 - 1, error=l1, basis=0.05, partitions=5, test=1, selective_stopping=1>",0.0012646203979988,/Users/yanyuwoo/Data/bids/derivatives/eelbrain/cache/trf/sub-36/subject-36_raw-0.5-20_epoch-story-segments_reference-mastoids_key-1e5acc3f6ad643eb.pickle,pass,True,,6.0,8.0,0.75,False,False,False,False,True,use,True,True,single_predictor,gammatone-8,/Users/yanyuwoo/Desktop/mcmaster-project/alice-comprehension-neural-prediction/analysis/trf_pipeline/results/by_predictor/gammatone-8/subject_results.csv,
2026-08-24T18:20:13,sub-37,gammatone-8,gammatone-8,boosting,0.5-20,story-segments,mastoids,,-0.1,1.0,50,continuous,ok,,,,0.0144740712478275,0.0144436304281836,0.0624939233767063,-0.0508363425476114,0.0314559026666923,39,0.639344262295082,14,18,61,False,"(61, 8, 56)",True,True,True,"<BoostingResult eeg ~ gammatone-8, -0.1 - 1, error=l1, basis=0.05, partitions=5, test=1, selective_stopping=1>",0.000334396595341,/Users/yanyuwoo/Data/bids/derivatives/eelbrain/cache/trf/sub-37/subject-37_raw-0.5-20_epoch-story-segments_reference-mastoids_key-b96e59d7e640c54f.pickle,pass,True,,8.0,8.0,1.0,False,False,False,False,True,use,True,True,single_predictor,gammatone-8,/Users/yanyuwoo/Desktop/mcmaster-project/alice-comprehension-neural-prediction/analysis/trf_pipeline/results/by_predictor/gammatone-8/subject_results.csv,
2026-08-24T18:20:13,sub-38,gammatone-8,gammatone-8,boosting,0.5-20,story-segments,mastoids,,-0.1,1.0,50,continuous,ok,,,,0.0723796201685098,0.0830230280153865,0.1126082746336708,-0.0071392234504227,0.03171496149994,58,0.9508196721311476,5,26,61,False,"(61, 8, 56)",True,True,True,"<BoostingResult eeg ~ gammatone-8, -0.1 - 1, error=l1, basis=0.05, partitions=5, test=1, selective_stopping=1>",0.0021325000197777,/Users/yanyuwoo/Data/bids/derivatives/eelbrain/cache/trf/sub-38/subject-38_raw-0.5-20_epoch-story-segments_reference-mastoids_key-ce49ad483157307a.pickle,pass,True,,8.0,8.0,1.0,False,False,False,False,True,use,True,True,single_predictor,gammatone-8,/Users/yanyuwoo/Desktop/mcmaster-project/alice-comprehension-neural-prediction/analysis/trf_pipeline/results/by_predictor/gammatone-8/subject_results.csv,
2026-08-24T18:20:13,sub-39,gammatone-8,gammatone-8,boosting,0.5-20,story-segments,mastoids,,-0.1,1.0,50,continuous,ok,,,,0.0147096348222497,0.0142311961102536,0.0768284742530253,-0.045630793488348,0.0257227434389532,41,0.6721311475409836,59,22,61,False,"(61, 8, 56)",True,True,True,"<BoostingResult eeg ~ gammatone-8, -0.1 - 1, error=l1, basis=0.05, partitions=5, test=1, selective_stopping=1>",-2.35971814572836e-05,/Users/yanyuwoo/Data/bids/derivatives/eelbrain/cache/trf/sub-39/subject-39_raw-0.5-20_epoch-story-segments_reference-mastoids_key-6ccf8d094b047e19.pickle,pass,True,,3.0,8.0,0.375,False,False,False,True,True,use,True,True,single_predictor,gammatone-8,/Users/yanyuwoo/Desktop/mcmaster-project/alice-comprehension-neural-prediction/analysis/trf_pipeline/results/by_predictor/gammatone-8/subject_results.csv,
2026-08-24T18:20:13,sub-40,gammatone-8,gammatone-8,boosting,0.5-20,story-segments,mastoids,,-0.1,1.0,50,continuous,ok,,,,0.0264833395337072,0.0285601869292415,0.0616253694141399,-0.0256954193567077,0.0226595375788515,52,0.8524590163934426,50,25,61,False,"(61, 8, 56)",True,True,True,"<BoostingResult eeg ~ gammatone-8, -0.1 - 1, error=l1, basis=0.05, partitions=5, test=1, selective_stopping=1>",0.0004603760193838,/Users/yanyuwoo/Data/bids/derivatives/eelbrain/cache/trf/sub-40/subject-40_raw-0.5-20_epoch-story-segments_reference-mastoids_key-eaefd1581b54dc24.pickle,pass,True,,6.0,8.0,0.75,False,False,False,False,True,use,True,True,single_predictor,gammatone-8,/Users/yanyuwoo/Desktop/mcmaster-project/alice-comprehension-neural-prediction/analysis/trf_pipeline/results/by_predictor/gammatone-8/subject_results.csv,
2026-08-24T18:20:13,sub-41,gammatone-8,gammatone-8,boosting,0.5-20,story-segments,mastoids,,-0.1,1.0,50,continuous,ok,,,,0.0218464714157144,0.0264323197084397,0.0765327814752339,-0.0409069010745089,0.0248164442657498,48,0.7868852459016393,23,61,61,False,"(61, 8, 56)",True,True,True,"<BoostingResult eeg ~ gammatone-8, -0.1 - 1, error=l1, basis=0.05, partitions=5, test=1, selective_stopping=1>",0.0005847721195489,/Users/yanyuwoo/Data/bids/derivatives/eelbrain/cache/trf/sub-41/subject-41_raw-0.5-20_epoch-story-segments_reference-mastoids_key-42a63290aaa3cbea.pickle,pass,True,,7.0,8.0,0.875,False,False,False,False,True,use,True,True,single_predictor,gammatone-8,/Users/yanyuwoo/Desktop/mcmaster-project/alice-comprehension-neural-prediction/analysis/trf_pipeline/results/by_predictor/gammatone-8/subject_results.csv,
2026-08-24T18:20:13,sub-42,gammatone-8,gammatone-8,boosting,0.5-20,story-segments,mastoids,,-0.1,1.0,50,continuous,ok,,,,0.0446077072353776,0.0581270544325426,0.1239572322574145,-0.0555462641330522,0.0436290094823387,51,0.8360655737704918,10,54,61,False,"(61, 8, 56)",True,True,True,"<BoostingResult eeg ~ gammatone-8, -0.1 - 1, error=l1, basis=0.05, partitions=5, test=1, selective_stopping=1>",0.0020764236058698,/Users/yanyuwoo/Data/bids/derivatives/eelbrain/cache/trf/sub-42/subject-42_raw-0.5-20_epoch-story-segments_reference-mastoids_key-875c91092943684b.pickle,pass,True,,7.0,8.0,0.875,False,False,False,False,True,use,True,True,single_predictor,gammatone-8,/Users/yanyuwoo/Desktop/mcmaster-project/alice-comprehension-neural-prediction/analysis/trf_pipeline/results/by_predictor/gammatone-8/subject_results.csv,
2026-08-24T18:20:13,sub-43,gammatone-8,gammatone-8,boosting,0.5-20,story-segments,mastoids,,-0.1,1.0,50,continuous,ok,,,,0.006552293671092,0.0030881831657227,0.0505984067137152,-0.0372299509149053,0.0183291385695228,34,0.5573770491803278,54,25,61,False,"(61, 8, 56)",True,True,True,"<BoostingResult eeg ~ gammatone-8, -0.1 - 1, error=l1, basis=0.05, partitions=5, test=1, selective_stopping=1>",-8.704710476436333e-05,/Users/yanyuwoo/Data/bids/derivatives/eelbrain/cache/trf/sub-43/subject-43_raw-0.5-20_epoch-story-segments_reference-mastoids_key-0bb5c4489e6037e8.pickle,pass,True,,2.0,8.0,0.25,True,False,False,False,True,exclude: low score,True,True,single_predictor,gammatone-8,/Users/yanyuwoo/Desktop/mcmaster-project/alice-comprehension-neural-prediction/analysis/trf_pipeline/results/by_predictor/gammatone-8/subject_results.csv,
2026-08-24T18:20:13,sub-44,gammatone-8,gammatone-8,boosting,0.5-20,story-segments,mastoids,,-0.1,1.0,50,continuous,ok,,,,0.0544587253037228,0.0622460117751375,0.1219364834499336,-0.0493006852321275,0.0405938161468314,57,0.9344262295081968,49,27,61,False,"(61, 8, 56)",True,True,True,"<BoostingResult eeg ~ gammatone-8, -0.1 - 1, error=l1, basis=0.05, partitions=5, test=1, selective_stopping=1>",0.0018291620027508,/Users/yanyuwoo/Data/bids/derivatives/eelbrain/cache/trf/sub-44/subject-44_raw-0.5-20_epoch-story-segments_reference-mastoids_key-4b1a3c0f20d4f9f4.pickle,pass,True,,7.0,8.0,0.875,False,False,False,False,True,use,True,True,single_predictor,gammatone-8,/Users/yanyuwoo/Desktop/mcmaster-project/alice-comprehension-neural-prediction/analysis/trf_pipeline/results/by_predictor/gammatone-8/subject_results.csv,
2026-08-24T18:20:13,sub-45,gammatone-8,gammatone-8,boosting,0.5-20,story-segments,mastoids,,-0.1,1.0,50,continuous,ok,,,,0.0794351862460625,0.0841035331720223,0.1355926405070725,0.0032599191652233,0.0381814338480046,61,1.0,36,53,61,False,"(61, 8, 56)",True,True,True,"<BoostingResult eeg ~ gammatone-8, -0.1 - 1, error=l1, basis=0.05, partitions=5, test=1, selective_stopping=1>",0.0041250207913745,/Users/yanyuwoo/Data/bids/derivatives/eelbrain/cache/trf/sub-45/subject-45_raw-0.5-20_epoch-story-segments_reference-mastoids_key-9dca599eda196795.pickle,pass,True,,5.0,8.0,0.625,False,False,False,False,True,use,True,True,single_predictor,gammatone-8,/Users/yanyuwoo/Desktop/mcmaster-project/alice-comprehension-neural-prediction/analysis/trf_pipeline/results/by_predictor/gammatone-8/subject_results.csv,
2026-08-24T18:20:13,sub-46,gammatone-8,gammatone-8,boosting,0.5-20,story-segments,mastoids,,-0.1,1.0,50,continuous,ok,,,,-0.0325457169353676,-0.033958510396302,-0.0048314614400885,-0.0553144322923658,0.0112676922735144,0,0.0,50,42,61,False,"(61, 8, 56)",True,True,True,"<BoostingResult eeg ~ gammatone-8, -0.1 - 1, error=l1, basis=0.05, partitions=5, test=1, selective_stopping=1>",-0.0005296662339906,/Users/yanyuwoo/Data/bids/derivatives/eelbrain/cache/trf/sub-46/subject-46_raw-0.5-20_epoch-story-segments_reference-mastoids_key-4d9b293bc0a546b0.pickle,pass,True,,3.0,8.0,0.375,True,True,False,False,False,exclude: low score & noise,True,False,single_predictor,gammatone-8,/Users/yanyuwoo/Desktop/mcmaster-project/alice-comprehension-neural-prediction/analysis/trf_pipeline/results/by_predictor/gammatone-8/subject_results.csv,
2026-08-24T18:20:13,sub-47,gammatone-8,gammatone-8,boosting,0.5-20,story-segments,mastoids,,-0.1,1.0,50,continuous,ok,,,,0.0041374028105674,0.005103746066531,0.0497147454695291,-0.0311440359901639,0.0149780868360011,38,0.6229508196721312,51,32,61,False,"(61, 8, 56)",True,True,True,"<BoostingResult eeg ~ gammatone-8, -0.1 - 1, error=l1, basis=0.05, partitions=5, test=1, selective_stopping=1>",0.0001294547141289,/Users/yanyuwoo/Data/bids/derivatives/eelbrain/cache/trf/sub-47/subject-47_raw-0.5-20_epoch-story-segments_reference-mastoids_key-c52ebc28e7b1192f.pickle,pass,True,,4.0,8.0,0.5,True,True,False,False,False,exclude: low score & noise,True,False,single_predictor,gammatone-8,/Users/yanyuwoo/Desktop/mcmaster-project/alice-comprehension-neural-prediction/analysis/trf_pipeline/results/by_predictor/gammatone-8/subject_results.csv,
2026-08-24T18:20:13,sub-48,gammatone-8,gammatone-8,boosting,0.5-20,story-segments,mastoids,,-0.1,1.0,50,continuous,ok,,,,0.0120254047968077,0.0092353393855891,0.0590891893149719,-0.0332379198802639,0.0166212257359168,50,0.819672131147541,25,22,61,False,"(61, 8, 56)",True,True,True,"<BoostingResult eeg ~ gammatone-8, -0.1 - 1, error=l1, basis=0.05, partitions=5, test=1, selective_stopping=1>",0.0001743264290752,/Users/yanyuwoo/Data/bids/derivatives/eelbrain/cache/trf/sub-48/subject-48_raw-0.5-20_epoch-story-segments_reference-mastoids_key-089b34f713904ac3.pickle,pass,True,,7.0,8.0,0.875,False,False,False,False,True,use,True,True,single_predictor,gammatone-8,/Users/yanyuwoo/Desktop/mcmaster-project/alice-comprehension-neural-prediction/analysis/trf_pipeline/results/by_predictor/gammatone-8/subject_results.csv,
2026-08-24T18:20:13,sub-49,gammatone-8,gammatone-8,boosting,0.5-20,story-segments,mastoids,,-0.1,1.0,50,continuous,ok,,,,0.0151041149871938,0.0117409147676623,0.0669687274828339,-0.0353703418152136,0.0247258303462642,43,0.7049180327868853,60,27,61,False,"(61, 8, 56)",True,True,True,"<BoostingResult eeg ~ gammatone-8, -0.1 - 1, error=l1, basis=0.05, partitions=5, test=1, selective_stopping=1>",0.0003829896550198,/Users/yanyuwoo/Data/bids/derivatives/eelbrain/cache/trf/sub-49/subject-49_raw-0.5-20_epoch-story-segments_reference-mastoids_key-3e5d911dcb63df7b.pickle,pass,True,,6.0,8.0,0.75,False,True,False,False,False,exclude: noise,True,False,single_predictor,gammatone-8,/Users/yanyuwoo/Desktop/mcmaster-project/alice-comprehension-neural-prediction/analysis/trf_pipeline/results/by_predictor/gammatone-8/subject_results.csv,
2026-08-24T18:55:29,sub-01,gammatone-on-1,gammatone-on-1,boosting,0.5-20,story-segments,mastoids,,-0.1,1.0,50,continuous,ok,,,,0.0416804159006867,0.0365960301827367,0.0955305344000815,-0.0138880503316641,0.0317191315113348,57,0.9344262295081968,40,58,61,False,"(61, 56)",True,True,True,"<BoostingResult eeg ~ gammatone-on-1, -0.1 - 1, error=l1, basis=0.05, partitions=5, test=1, selective_stopping=1>",0.001210298856184,/Users/yanyuwoo/Data/bids/derivatives/eelbrain/cache/trf/sub-01/subject-01_raw-0.5-20_epoch-story-segments_reference-mastoids_key-8bbcae93ac61ee2a.pickle,pass,True,,6.0,8.0,0.75,False,False,False,False,True,use,True,True,single_predictor,gammatone-on-1,/Users/yanyuwoo/Desktop/mcmaster-project/alice-comprehension-neural-prediction/analysis/trf_pipeline/results/by_predictor/gammatone-on-1/subject_results.csv,
2026-08-24T18:55:33,sub-02,gammatone-on-1,gammatone-on-1,boosting,0.5-20,story-segments,mastoids,,-0.1,1.0,50,continuous,ok,,,,0.0107483264368763,0.0101843648922623,0.0466857296574402,-0.0225533778491379,0.0163938006008963,42,0.6885245901639344,57,49,61,False,"(61, 56)",True,True,True,"<BoostingResult eeg ~ gammatone-on-1, -0.1 - 1, error=l1, basis=0.05, partitions=5, test=1, selective_stopping=1>",0.0001586077469196,/Users/yanyuwoo/Data/bids/derivatives/eelbrain/cache/trf/sub-02/subject-02_raw-0.5-20_epoch-story-segments_reference-mastoids_key-2b5b91ee2351dda2.pickle,pass,True,,6.0,8.0,0.75,False,True,False,False,False,exclude: noise,True,False,single_predictor,gammatone-on-1,/Users/yanyuwoo/Desktop/mcmaster-project/alice-comprehension-neural-prediction/analysis/trf_pipeline/results/by_predictor/gammatone-on-1/subject_results.csv,
2026-08-24T18:55:35,sub-03,gammatone-on-1,gammatone-on-1,boosting,0.5-20,story-segments,mastoids,,-0.1,1.0,50,continuous,ok,,,,0.0103525035282944,0.0134657215535836,0.0437350804584894,-0.0215336884996683,0.0145164885206016,47,0.7704918032786885,59,13,61,False,"(61, 56)",True,True,True,"<BoostingResult eeg ~ gammatone-on-1, -0.1 - 1, error=l1, basis=0.05, partitions=5, test=1, selective_stopping=1>",0.0001883155873765,/Users/yanyuwoo/Data/bids/derivatives/eelbrain/cache/trf/sub-03/subject-03_raw-0.5-20_epoch-story-segments_reference-mastoids_key-4debb3146bdad1a6.pickle,pass,True,,6.0,8.0,0.75,False,False,False,False,True,use,True,True,single_predictor,gammatone-on-1,/Users/yanyuwoo/Desktop/mcmaster-project/alice-comprehension-neural-prediction/analysis/trf_pipeline/results/by_predictor/gammatone-on-1/subject_results.csv,
2026-08-24T18:55:38,sub-04,gammatone-on-1,gammatone-on-1,boosting,0.5-20,story-segments,mastoids,,-0.1,1.0,50,continuous,ok,,,,0.0110498926303599,0.0109970916474437,0.0497032344496768,-0.02209066465922,0.0132961460716234,48,0.7868852459016393,19,53,61,False,"(61, 56)",True,True,True,"<BoostingResult eeg ~ gammatone-on-1, -0.1 - 1, error=l1, basis=0.05, partitions=5, test=1, selective_stopping=1>",0.0001131573374033,/Users/yanyuwoo/Data/bids/derivatives/eelbrain/cache/trf/sub-04/subject-04_raw-0.5-20_epoch-story-segments_reference-mastoids_key-7438b92c01db2ddc.pickle,pass,True,,7.0,8.0,0.875,False,False,False,False,True,use,True,True,single_predictor,gammatone-on-1,/Users/yanyuwoo/Desktop/mcmaster-project/alice-comprehension-neural-prediction/analysis/trf_pipeline/results/by_predictor/gammatone-on-1/subject_results.csv,
2026-08-24T18:55:40,sub-05,gammatone-on-1,gammatone-on-1,boosting,0.5-20,story-segments,mastoids,,-0.1,1.0,50,continuous,ok,,,,0.0160729948323668,0.0136186529274766,0.0488480463653442,-0.0017949710310721,0.0118427569214626,58,0.9508196721311476,50,41,61,False,"(61, 56)",True,True,True,"<BoostingResult eeg ~ gammatone-on-1, -0.1 - 1, error=l1, basis=0.05, partitions=5, test=1, selective_stopping=1>",0.000174898872731,/Users/yanyuwoo/Data/bids/derivatives/eelbrain/cache/trf/sub-05/subject-05_raw-0.5-20_epoch-story-segments_reference-mastoids_key-18588c3a9851b99c.pickle,pass,True,,7.0,8.0,0.875,False,False,False,False,True,use,True,True,single_predictor,gammatone-on-1,/Users/yanyuwoo/Desktop/mcmaster-project/alice-comprehension-neural-prediction/analysis/trf_pipeline/results/by_predictor/gammatone-on-1/subject_results.csv,
2026-08-24T18:55:43,sub-06,gammatone-on-1,gammatone-on-1,boosting,0.5-20,story-segments,mastoids,,-0.1,1.0,50,continuous,ok,,,,0.0187835118094593,0.0191868265571816,0.0588293756033315,-0.0107932908477347,0.0156747772043429,54,0.8852459016393442,50,30,61,False,"(61, 56)",True,True,True,"<BoostingResult eeg ~ gammatone-on-1, -0.1 - 1, error=l1, basis=0.05, partitions=5, test=1, selective_stopping=1>",0.0002816668614957,/Users/yanyuwoo/Data/bids/derivatives/eelbrain/cache/trf/sub-06/subject-06_raw-0.5-20_epoch-story-segments_reference-mastoids_key-4812291a6aaf4fa0.pickle,pass,True,,5.0,8.0,0.625,False,False,False,False,True,use,True,True,single_predictor,gammatone-on-1,/Users/yanyuwoo/Desktop/mcmaster-project/alice-comprehension-neural-prediction/analysis/trf_pipeline/results/by_predictor/gammatone-on-1/subject_results.csv,
2026-08-24T18:55:45,sub-07,gammatone-on-1,gammatone-on-1,boosting,0.5-20,story-segments,mastoids,,-0.1,1.0,50,continuous,ok,,,,0.0182777638291442,0.0193809860767547,0.0467130774627546,-0.0125672110669649,0.0125044596657205,55,0.9016393442622952,20,57,61,False,"(61, 56)",True,True,True,"<BoostingResult eeg ~ gammatone-on-1, -0.1 - 1, error=l1, basis=0.05, partitions=5, test=1, selective_stopping=1>",0.0002607070667668,/Users/yanyuwoo/Data/bids/derivatives/eelbrain/cache/trf/sub-07/subject-07_raw-0.5-20_epoch-story-segments_reference-mastoids_key-3768c4ba113b4808.pickle,pass,True,,4.0,8.0,0.5,True,False,False,False,True,exclude: low score,True,True,single_predictor,gammatone-on-1,/Users/yanyuwoo/Desktop/mcmaster-project/alice-comprehension-neural-prediction/analysis/trf_pipeline/results/by_predictor/gammatone-on-1/subject_results.csv,
2026-08-24T18:55:48,sub-08,gammatone-on-1,gammatone-on-1,boosting,0.5-20,story-segments,mastoids,,-0.1,1.0,50,continuous,ok,,,,0.0160750835252513,0.0147175940534545,0.053221160544853,-0.0063579075645854,0.0126305190310945,58,0.9508196721311476,19,46,61,False,"(61, 56)",True,True,True,"<BoostingResult eeg ~ gammatone-on-1, -0.1 - 1, error=l1, basis=0.05, partitions=5, test=1, selective_stopping=1>",0.0002120511154238,/Users/yanyuwoo/Data/bids/derivatives/eelbrain/cache/trf/sub-08/subject-08_raw-0.5-20_epoch-story-segments_reference-mastoids_key-0d1bd615266c2888.pickle,pass,True,,6.0,8.0,0.75,False,False,False,False,True,use,True,True,single_predictor,gammatone-on-1,/Users/yanyuwoo/Desktop/mcmaster-project/alice-comprehension-neural-prediction/analysis/trf_pipeline/results/by_predictor/gammatone-on-1/subject_results.csv,
2026-08-24T18:55:50,sub-09,gammatone-on-1,gammatone-on-1,boosting,0.5-20,story-segments,mastoids,,-0.1,1.0,50,continuous,ok,,,,0.0269934562218983,0.0279091156930924,0.0656671590105744,-0.021535175732005,0.0220898384143218,53,0.8688524590163934,11,60,61,False,"(61, 56)",True,True,True,"<BoostingResult eeg ~ gammatone-on-1, -0.1 - 1, error=l1, basis=0.05, partitions=5, test=1, selective_stopping=1>",0.0004955689550999,/Users/yanyuwoo/Data/bids/derivatives/eelbrain/cache/trf/sub-09/subject-09_raw-0.5-20_epoch-story-segments_reference-mastoids_key-b84fa06ec319abbb.pickle,fail,False,audio_alignment_failed,2.0,8.0,0.25,True,False,False,False,True,exclude: low score,False,False,single_predictor,gammatone-on-1,/Users/yanyuwoo/Desktop/mcmaster-project/alice-comprehension-neural-prediction/analysis/trf_pipeline/results/by_predictor/gammatone-on-1/subject_results.csv,
2026-08-24T18:55:53,sub-10,gammatone-on-1,gammatone-on-1,boosting,0.5-20,story-segments,mastoids,,-0.1,1.0,50,continuous,ok,,,,0.002106876255807,-0.0027328898356871,0.0557443407823267,-0.0238021692976782,0.0160352223211352,25,0.4098360655737705,51,3,61,False,"(61, 56)",True,True,True,"<BoostingResult eeg ~ gammatone-on-1, -0.1 - 1, error=l1, basis=0.05, partitions=5, test=1, selective_stopping=1>",5.8687557981597066e-05,/Users/yanyuwoo/Data/bids/derivatives/eelbrain/cache/trf/sub-10/subject-10_raw-0.5-20_epoch-story-segments_reference-mastoids_key-7f7d84e26c48b13d.pickle,pass,True,,5.0,8.0,0.625,False,False,False,False,True,use,True,True,single_predictor,gammatone-on-1,/Users/yanyuwoo/Desktop/mcmaster-project/alice-comprehension-neural-prediction/analysis/trf_pipeline/results/by_predictor/gammatone-on-1/subject_results.csv,
2026-08-24T18:55:55,sub-11,gammatone-on-1,gammatone-on-1,boosting,0.5-20,story-segments,mastoids,,-0.1,1.0,50,continuous,ok,,,,0.0102774128240205,0.0111295412032475,0.0294610763162403,-0.0153804710436504,0.0123744109125835,46,0.7540983606557377,37,25,61,False,"(61, 56)",True,True,True,"<BoostingResult eeg ~ gammatone-on-1, -0.1 - 1, error=l1, basis=0.05, partitions=5, test=1, selective_stopping=1>",0.0001153070805907,/Users/yanyuwoo/Data/bids/derivatives/eelbrain/cache/trf/sub-11/subject-11_raw-0.5-20_epoch-story-segments_reference-mastoids_key-ba8b3ec626f5085d.pickle,pass,True,,6.0,8.0,0.75,False,False,False,False,True,use,True,True,single_predictor,gammatone-on-1,/Users/yanyuwoo/Desktop/mcmaster-project/alice-comprehension-neural-prediction/analysis/trf_pipeline/results/by_predictor/gammatone-on-1/subject_results.csv,
2026-08-24T18:55:57,sub-12,gammatone-on-1,gammatone-on-1,boosting,0.5-20,story-segments,mastoids,,-0.1,1.0,50,continuous,ok,,,,0.022754526300413,0.0240145185408383,0.0412583721554733,-0.0092507397999751,0.0124311001181909,58,0.9508196721311476,49,30,61,False,"(61, 56)",True,True,True,"<BoostingResult eeg ~ gammatone-on-1, -0.1 - 1, error=l1, basis=0.05, partitions=5, test=1, selective_stopping=1>",0.0002793440272035,/Users/yanyuwoo/Data/bids/derivatives/eelbrain/cache/trf/sub-12/subject-12_raw-0.5-20_epoch-story-segments_reference-mastoids_key-85650c8cc4e7a61c.pickle,pass,True,,6.0,8.0,0.75,False,False,False,False,True,use,True,True,single_predictor,gammatone-on-1,/Users/yanyuwoo/Desktop/mcmaster-project/alice-comprehension-neural-prediction/analysis/trf_pipeline/results/by_predictor/gammatone-on-1/subject_results.csv,
2026-08-24T18:56:00,sub-13,gammatone-on-1,gammatone-on-1,boosting,0.5-20,story-segments,mastoids,,-0.1,1.0,50,continuous,ok,,,,0.0637952988290264,0.0616961188006835,0.150174764894166,-0.01440289007506,0.048317354342973,57,0.9344262295081968,44,55,61,False,"(61, 56)",True,True,True,"<BoostingResult eeg ~ gammatone-on-1, -0.1 - 1, error=l1, basis=0.05, partitions=5, test=1, selective_stopping=1>",0.0036666444162636,/Users/yanyuwoo/Data/bids/derivatives/eelbrain/cache/trf/sub-13/subject-13_raw-0.5-20_epoch-story-segments_reference-mastoids_key-93bb58c545e7f8f2.pickle,pass,True,,8.0,8.0,1.0,False,False,False,False,True,use,True,True,single_predictor,gammatone-on-1,/Users/yanyuwoo/Desktop/mcmaster-project/alice-comprehension-neural-prediction/analysis/trf_pipeline/results/by_predictor/gammatone-on-1/subject_results.csv,
2026-08-24T18:56:05,sub-14,gammatone-on-1,gammatone-on-1,boosting,0.5-20,story-segments,mastoids,,-0.1,1.0,50,continuous,ok,,,,0.054519837837894,0.0570785812362614,0.1074843143551122,0.0003007302427565,0.0301806913554639,61,1.0,50,52,61,False,"(61, 56)",True,True,True,"<BoostingResult eeg ~ gammatone-on-1, -0.1 - 1, error=l1, basis=0.05, partitions=5, test=1, selective_stopping=1>",0.0016228768810216,/Users/yanyuwoo/Data/bids/derivatives/eelbrain/cache/trf/sub-14/subject-14_raw-0.5-20_epoch-story-segments_reference-mastoids_key-a128568a8838d6ac.pickle,pass,True,,4.0,4.0,1.0,False,False,True,False,True,use,True,True,single_predictor,gammatone-on-1,/Users/yanyuwoo/Desktop/mcmaster-project/alice-comprehension-neural-prediction/analysis/trf_pipeline/results/by_predictor/gammatone-on-1/subject_results.csv,
2026-08-24T18:56:09,sub-15,gammatone-on-1,gammatone-on-1,boosting,0.5-20,story-segments,mastoids,,-0.1,1.0,50,continuous,ok,,,,0.0529978933851945,0.0569815253816742,0.1110601945450392,-0.0124656344289799,0.0357982732951946,54,0.8852459016393442,19,53,61,False,"(61, 56)",True,True,True,"<BoostingResult eeg ~ gammatone-on-1, -0.1 - 1, error=l1, basis=0.05, partitions=5, test=1, selective_stopping=1>",0.0018676201713919,/Users/yanyuwoo/Data/bids/derivatives/eelbrain/cache/trf/sub-15/subject-15_raw-0.5-20_epoch-story-segments_reference-mastoids_key-675b331e8d449540.pickle,pass,True,,4.0,4.0,1.0,False,False,True,False,True,use,True,True,single_predictor,gammatone-on-1,/Users/yanyuwoo/Desktop/mcmaster-project/alice-comprehension-neural-prediction/analysis/trf_pipeline/results/by_predictor/gammatone-on-1/subject_results.csv,
2026-08-24T18:56:14,sub-16,gammatone-on-1,gammatone-on-1,boosting,0.5-20,story-segments,mastoids,,-0.1,1.0,50,continuous,ok,,,,0.0299925023325914,0.0225121130202386,0.0753296306922928,-0.0156728221088306,0.0248868737387783,55,0.9016393442622952,45,55,61,False,"(61, 56)",True,True,True,"<BoostingResult eeg ~ gammatone-on-1, -0.1 - 1, error=l1, basis=0.05, partitions=5, test=1, selective_stopping=1>",0.0007499516095138,/Users/yanyuwoo/Data/bids/derivatives/eelbrain/cache/trf/sub-16/subject-16_raw-0.5-20_epoch-story-segments_reference-mastoids_key-d7698edab2f3c0cf.pickle,fail,False,audio_alignment_failed,6.0,8.0,0.75,False,False,False,False,True,use,False,False,single_predictor,gammatone-on-1,/Users/yanyuwoo/Desktop/mcmaster-project/alice-comprehension-neural-prediction/analysis/trf_pipeline/results/by_predictor/gammatone-on-1/subject_results.csv,
2026-08-24T18:56:17,sub-17,gammatone-on-1,gammatone-on-1,boosting,0.5-20,story-segments,mastoids,,-0.1,1.0,50,continuous,ok,,,,0.0363501611375772,0.0326988909637644,0.0944325238586688,-0.0091803716969254,0.0262329105113614,58,0.9508196721311476,60,41,61,False,"(61, 56)",True,True,True,"<BoostingResult eeg ~ gammatone-on-1, -0.1 - 1, error=l1, basis=0.05, partitions=5, test=1, selective_stopping=1>",0.0006098176930545,/Users/yanyuwoo/Data/bids/derivatives/eelbrain/cache/trf/sub-17/subject-17_raw-0.5-20_epoch-story-segments_reference-mastoids_key-573f67f17ce5bfdd.pickle,pass,True,,6.0,8.0,0.75,False,False,False,False,True,use,True,True,single_predictor,gammatone-on-1,/Users/yanyuwoo/Desktop/mcmaster-project/alice-comprehension-neural-prediction/analysis/trf_pipeline/results/by_predictor/gammatone-on-1/subject_results.csv,
2026-08-24T18:56:21,sub-18,gammatone-on-1,gammatone-on-1,boosting,0.5-20,story-segments,mastoids,,-0.1,1.0,50,continuous,ok,,,,0.0250192558079281,0.0228808721865217,0.059594252973871,-0.0131342287954559,0.0182672243339795,55,0.9016393442622952,42,22,61,False,"(61, 56)",True,True,True,"<BoostingResult eeg ~ gammatone-on-1, -0.1 - 1, error=l1, basis=0.05, partitions=5, test=1, selective_stopping=1>",0.0003688936099356,/Users/yanyuwoo/Data/bids/derivatives/eelbrain/cache/trf/sub-18/subject-18_raw-0.5-20_epoch-story-segments_reference-mastoids_key-cee3219626b8fad4.pickle,pass,True,,7.0,8.0,0.875,False,False,False,False,True,use,True,True,single_predictor,gammatone-on-1,/Users/yanyuwoo/Desktop/mcmaster-project/alice-comprehension-neural-prediction/analysis/trf_pipeline/results/by_predictor/gammatone-on-1/subject_results.csv,
2026-08-24T18:56:24,sub-19,gammatone-on-1,gammatone-on-1,boosting,0.5-20,story-segments,mastoids,,-0.1,1.0,50,continuous,ok,,,,-0.0001544970992184,-0.0001645454312949,0.0287334674756263,-0.0271229590019093,0.0124457699928213,30,0.4918032786885246,58,12,61,False,"(61, 56)",True,True,True,"<BoostingResult eeg ~ gammatone-on-1, -0.1 - 1, error=l1, basis=0.05, partitions=5, test=1, selective_stopping=1>",-2.866750266069583e-05,/Users/yanyuwoo/Data/bids/derivatives/eelbrain/cache/trf/sub-19/subject-19_raw-0.5-20_epoch-story-segments_reference-mastoids_key-a449e27bf3811ebb.pickle,pass,True,,8.0,8.0,1.0,False,False,False,False,True,use,True,True,single_predictor,gammatone-on-1,/Users/yanyuwoo/Desktop/mcmaster-project/alice-comprehension-neural-prediction/analysis/trf_pipeline/results/by_predictor/gammatone-on-1/subject_results.csv,
2026-08-24T18:56:26,sub-20,gammatone-on-1,gammatone-on-1,boosting,0.5-20,story-segments,mastoids,,-0.1,1.0,50,continuous,ok,,,,0.0043592322203174,-0.0002127882077253,0.0787160467364379,-0.015208716466073,0.0170123682672061,29,0.4754098360655737,50,60,61,False,"(61, 56)",True,True,True,"<BoostingResult eeg ~ gammatone-on-1, -0.1 - 1, error=l1, basis=0.05, partitions=5, test=1, selective_stopping=1>",0.0001082229315842,/Users/yanyuwoo/Data/bids/derivatives/eelbrain/cache/trf/sub-20/subject-20_raw-0.5-20_epoch-story-segments_reference-mastoids_key-969e8bcfe5037a1f.pickle,pass,True,,5.0,8.0,0.625,False,False,False,False,True,use,True,True,single_predictor,gammatone-on-1,/Users/yanyuwoo/Desktop/mcmaster-project/alice-comprehension-neural-prediction/analysis/trf_pipeline/results/by_predictor/gammatone-on-1/subject_results.csv,
2026-08-24T18:56:29,sub-21,gammatone-on-1,gammatone-on-1,boosting,0.5-20,story-segments,mastoids,,-0.1,1.0,50,continuous,ok,,,,0.0177440197405206,0.0198668772709448,0.0476685867122233,-0.0060046006721767,0.0118264438759927,56,0.918032786885246,49,25,61,False,"(61, 56)",True,True,True,"<BoostingResult eeg ~ gammatone-on-1, -0.1 - 1, error=l1, basis=0.05, partitions=5, test=1, selective_stopping=1>",0.0003180397185137,/Users/yanyuwoo/Data/bids/derivatives/eelbrain/cache/trf/sub-21/subject-21_raw-0.5-20_epoch-story-segments_reference-mastoids_key-023fcf3896f69149.pickle,pass,True,,,,,False,False,False,False,False,use,False,False,single_predictor,gammatone-on-1,/Users/yanyuwoo/Desktop/mcmaster-project/alice-comprehension-neural-prediction/analysis/trf_pipeline/results/by_predictor/gammatone-on-1/subject_results.csv,
2026-08-24T18:56:31,sub-22,gammatone-on-1,gammatone-on-1,boosting,0.5-20,story-segments,mastoids,,-0.1,1.0,50,continuous,ok,,,,0.0014991821001644,0.0004737197629228,0.0231229589929727,-0.0167670564334193,0.0087877862082082,33,0.5409836065573771,39,23,61,False,"(61, 56)",True,True,True,"<BoostingResult eeg ~ gammatone-on-1, -0.1 - 1, error=l1, basis=0.05, partitions=5, test=1, selective_stopping=1>",9.046314715867924e-06,/Users/yanyuwoo/Data/bids/derivatives/eelbrain/cache/trf/sub-22/subject-22_raw-0.5-20_epoch-story-segments_reference-mastoids_key-0faf94264f45e456.pickle,pass,True,,6.0,8.0,0.75,False,False,False,False,True,use,True,True,single_predictor,gammatone-on-1,/Users/yanyuwoo/Desktop/mcmaster-project/alice-comprehension-neural-prediction/analysis/trf_pipeline/results/by_predictor/gammatone-on-1/subject_results.csv,
2026-08-24T18:56:34,sub-23,gammatone-on-1,gammatone-on-1,boosting,0.5-20,story-segments,mastoids,,-0.1,1.0,50,continuous,ok,,,,0.0121708689630168,0.0157449343221057,0.0329658202103311,-0.0199000205190767,0.0130068485868108,48,0.7868852459016393,38,30,61,False,"(61, 56)",True,True,True,"<BoostingResult eeg ~ gammatone-on-1, -0.1 - 1, error=l1, basis=0.05, partitions=5, test=1, selective_stopping=1>",4.99502346033967e-05,/Users/yanyuwoo/Data/bids/derivatives/eelbrain/cache/trf/sub-23/subject-23_raw-0.5-20_epoch-story-segments_reference-mastoids_key-1cd2fd8f83ba61fd.pickle,pass,True,,3.0,8.0,0.375,True,False,False,False,True,exclude: low score,True,True,single_predictor,gammatone-on-1,/Users/yanyuwoo/Desktop/mcmaster-project/alice-comprehension-neural-prediction/analysis/trf_pipeline/results/by_predictor/gammatone-on-1/subject_results.csv,
2026-08-24T18:56:36,sub-24,gammatone-on-1,gammatone-on-1,boosting,0.5-20,story-segments,mastoids,,-0.1,1.0,50,continuous,ok,,,,0.0122398668067785,0.0131935983434113,0.0464195887507777,-0.0227643355672125,0.0140627326844958,48,0.7868852459016393,50,21,61,False,"(61, 56)",True,True,True,"<BoostingResult eeg ~ gammatone-on-1, -0.1 - 1, error=l1, basis=0.05, partitions=5, test=1, selective_stopping=1>",0.0001116329609201,/Users/yanyuwoo/Data/bids/derivatives/eelbrain/cache/trf/sub-24/subject-24_raw-0.5-20_epoch-story-segments_reference-mastoids_key-30ab1b59f16bdebf.pickle,pass,True,,4.0,8.0,0.5,True,False,False,False,True,exclude: low score,True,True,single_predictor,gammatone-on-1,/Users/yanyuwoo/Desktop/mcmaster-project/alice-comprehension-neural-prediction/analysis/trf_pipeline/results/by_predictor/gammatone-on-1/subject_results.csv,
2026-08-24T18:56:38,sub-25,gammatone-on-1,gammatone-on-1,boosting,0.5-20,story-segments,mastoids,,-0.1,1.0,50,continuous,ok,,,,0.0207170720450794,0.0212710084563432,0.0584548244940337,-0.0227939378243522,0.0149037009942992,55,0.9016393442622952,48,28,61,False,"(61, 56)",True,True,True,"<BoostingResult eeg ~ gammatone-on-1, -0.1 - 1, error=l1, basis=0.05, partitions=5, test=1, selective_stopping=1>",0.0002548552631758,/Users/yanyuwoo/Data/bids/derivatives/eelbrain/cache/trf/sub-25/subject-25_raw-0.5-20_epoch-story-segments_reference-mastoids_key-dc09f0e19b15a314.pickle,pass,True,,5.0,8.0,0.625,False,False,False,False,True,use,True,True,single_predictor,gammatone-on-1,/Users/yanyuwoo/Desktop/mcmaster-project/alice-comprehension-neural-prediction/analysis/trf_pipeline/results/by_predictor/gammatone-on-1/subject_results.csv,
2026-08-24T18:56:41,sub-26,gammatone-on-1,gammatone-on-1,boosting,0.5-20,story-segments,mastoids,,-0.1,1.0,50,continuous,ok,,,,0.0226663792636063,0.0201165559205567,0.06281124527622,-0.0011445952845044,0.0144104117458651,59,0.9672131147540984,19,53,61,False,"(61, 56)",True,True,True,"<BoostingResult eeg ~ gammatone-on-1, -0.1 - 1, error=l1, basis=0.05, partitions=5, test=1, selective_stopping=1>",0.0005578335122178,/Users/yanyuwoo/Data/bids/derivatives/eelbrain/cache/trf/sub-26/subject-26_raw-0.5-20_epoch-story-segments_reference-mastoids_key-fb8a8128131369e5.pickle,pass,True,,6.0,8.0,0.75,False,False,False,False,True,use,True,True,single_predictor,gammatone-on-1,/Users/yanyuwoo/Desktop/mcmaster-project/alice-comprehension-neural-prediction/analysis/trf_pipeline/results/by_predictor/gammatone-on-1/subject_results.csv,
2026-08-24T18:56:44,sub-27,gammatone-on-1,gammatone-on-1,boosting,0.5-20,story-segments,mastoids,,-0.1,1.0,50,continuous,ok,,,,0.0231283507518459,0.0253127700845587,0.0414920500147143,-0.0001650706227741,0.0114543845110722,60,0.9836065573770492,1,54,61,False,"(61, 56)",True,True,True,"<BoostingResult eeg ~ gammatone-on-1, -0.1 - 1, error=l1, basis=0.05, partitions=5, test=1, selective_stopping=1>",0.0003426069212555,/Users/yanyuwoo/Data/bids/derivatives/eelbrain/cache/trf/sub-27/subject-27_raw-0.5-20_epoch-story-segments_reference-mastoids_key-8c4a322179f1cc9e.pickle,pass,True,,4.0,8.0,0.5,True,False,False,False,True,exclude: low score,True,True,single_predictor,gammatone-on-1,/Users/yanyuwoo/Desktop/mcmaster-project/alice-comprehension-neural-prediction/analysis/trf_pipeline/results/by_predictor/gammatone-on-1/subject_results.csv,
2026-08-24T18:56:46,sub-28,gammatone-on-1,gammatone-on-1,boosting,0.5-20,story-segments,mastoids,,-0.1,1.0,50,continuous,ok,,,,0.0339335242584751,0.0366384821300061,0.0708884098765462,-0.0160452761324587,0.0232611488498957,53,0.8688524590163934,36,55,61,False,"(61, 56)",True,True,True,"<BoostingResult eeg ~ gammatone-on-1, -0.1 - 1, error=l1, basis=0.05, partitions=5, test=1, selective_stopping=1>",0.0006224624374083,/Users/yanyuwoo/Data/bids/derivatives/eelbrain/cache/trf/sub-28/subject-28_raw-0.5-20_epoch-story-segments_reference-mastoids_key-a10f964b7eb4005b.pickle,pass,True,,7.0,8.0,0.875,False,True,False,False,False,exclude: noise,True,False,single_predictor,gammatone-on-1,/Users/yanyuwoo/Desktop/mcmaster-project/alice-comprehension-neural-prediction/analysis/trf_pipeline/results/by_predictor/gammatone-on-1/subject_results.csv,
2026-08-24T18:56:49,sub-29,gammatone-on-1,gammatone-on-1,boosting,0.5-20,story-segments,mastoids,,-0.1,1.0,50,continuous,ok,,,,0.0039568336191633,0.0054051026762507,0.0256457416606489,-0.0331981288556994,0.013042224285052,39,0.639344262295082,3,5,61,False,"(61, 56)",True,True,True,"<BoostingResult eeg ~ gammatone-on-1, -0.1 - 1, error=l1, basis=0.05, partitions=5, test=1, selective_stopping=1>",4.4196276052127414e-05,/Users/yanyuwoo/Data/bids/derivatives/eelbrain/cache/trf/sub-29/subject-29_raw-0.5-20_epoch-story-segments_reference-mastoids_key-12a61338b46763b9.pickle,pass,True,,6.0,8.0,0.75,False,True,False,False,False,exclude: noise,True,False,single_predictor,gammatone-on-1,/Users/yanyuwoo/Desktop/mcmaster-project/alice-comprehension-neural-prediction/analysis/trf_pipeline/results/by_predictor/gammatone-on-1/subject_results.csv,
2026-08-24T18:56:51,sub-30,gammatone-on-1,gammatone-on-1,boosting,0.5-20,story-segments,mastoids,,-0.1,1.0,50,continuous,ok,,,,0.0152638766343035,0.0171349862331907,0.034203004025321,-0.0070766944440931,0.0111922848365517,52,0.8524590163934426,44,52,61,False,"(61, 56)",True,True,True,"<BoostingResult eeg ~ gammatone-on-1, -0.1 - 1, error=l1, basis=0.05, partitions=5, test=1, selective_stopping=1>",0.0003399401858744,/Users/yanyuwoo/Data/bids/derivatives/eelbrain/cache/trf/sub-30/subject-30_raw-0.5-20_epoch-story-segments_reference-mastoids_key-03af4c929f1fe8c1.pickle,pass,True,,4.0,8.0,0.5,True,False,False,False,True,exclude: low score,True,True,single_predictor,gammatone-on-1,/Users/yanyuwoo/Desktop/mcmaster-project/alice-comprehension-neural-prediction/analysis/trf_pipeline/results/by_predictor/gammatone-on-1/subject_results.csv,
2026-08-24T18:56:53,sub-31,gammatone-on-1,gammatone-on-1,boosting,0.5-20,story-segments,mastoids,,-0.1,1.0,50,continuous,ok,,,,-0.0013906981911089,-0.0002527190806106,0.0171670333772959,-0.0301011533843888,0.0105138060945057,29,0.4754098360655737,50,26,61,False,"(61, 56)",True,True,True,"<BoostingResult eeg ~ gammatone-on-1, -0.1 - 1, error=l1, basis=0.05, partitions=5, test=1, selective_stopping=1>",-6.562487592674553e-05,/Users/yanyuwoo/Data/bids/derivatives/eelbrain/cache/trf/sub-31/subject-31_raw-0.5-20_epoch-story-segments_reference-mastoids_key-f34b2633ffb7a18b.pickle,pass,True,,3.0,4.0,0.75,False,True,True,False,False,exclude: noise,True,False,single_predictor,gammatone-on-1,/Users/yanyuwoo/Desktop/mcmaster-project/alice-comprehension-neural-prediction/analysis/trf_pipeline/results/by_predictor/gammatone-on-1/subject_results.csv,
2026-08-24T18:56:55,sub-32,gammatone-on-1,gammatone-on-1,boosting,0.5-20,story-segments,mastoids,,-0.1,1.0,50,continuous,ok,,,,0.0227611396630896,0.0227705985659397,0.0547063572599141,-0.0137863299526208,0.0159401029599572,56,0.918032786885246,50,57,61,False,"(61, 56)",True,True,True,"<BoostingResult eeg ~ gammatone-on-1, -0.1 - 1, error=l1, basis=0.05, partitions=5, test=1, selective_stopping=1>",0.0002016869621376,/Users/yanyuwoo/Data/bids/derivatives/eelbrain/cache/trf/sub-32/subject-32_raw-0.5-20_epoch-story-segments_reference-mastoids_key-b7b3dfeb7ecb7720.pickle,pass,True,,4.0,8.0,0.5,True,False,False,False,True,exclude: low score,True,True,single_predictor,gammatone-on-1,/Users/yanyuwoo/Desktop/mcmaster-project/alice-comprehension-neural-prediction/analysis/trf_pipeline/results/by_predictor/gammatone-on-1/subject_results.csv,
2026-08-24T18:56:58,sub-33,gammatone-on-1,gammatone-on-1,boosting,0.5-20,story-segments,mastoids,,-0.1,1.0,50,continuous,ok,,,,0.0006140836001473,0.0013297764556536,0.0252935702050446,-0.0191427809559348,0.0092864454764659,33,0.5409836065573771,30,24,61,False,"(61, 56)",True,True,True,"<BoostingResult eeg ~ gammatone-on-1, -0.1 - 1, error=l1, basis=0.05, partitions=5, test=1, selective_stopping=1>",-1.7467424218312182e-05,/Users/yanyuwoo/Data/bids/derivatives/eelbrain/cache/trf/sub-33/subject-33_raw-0.5-20_epoch-story-segments_reference-mastoids_key-f00b93658065e439.pickle,pass,True,,8.0,8.0,1.0,False,True,False,False,False,exclude: noise,True,False,single_predictor,gammatone-on-1,/Users/yanyuwoo/Desktop/mcmaster-project/alice-comprehension-neural-prediction/analysis/trf_pipeline/results/by_predictor/gammatone-on-1/subject_results.csv,
2026-08-24T18:57:00,sub-34,gammatone-on-1,gammatone-on-1,boosting,0.5-20,story-segments,mastoids,,-0.1,1.0,50,continuous,ok,,,,0.0168035085039776,0.0174513946407151,0.036040439403421,-0.0206959025941362,0.011948565553242,56,0.918032786885246,6,26,61,False,"(61, 56)",True,True,True,"<BoostingResult eeg ~ gammatone-on-1, -0.1 - 1, error=l1, basis=0.05, partitions=5, test=1, selective_stopping=1>",0.0002071237223751,/Users/yanyuwoo/Data/bids/derivatives/eelbrain/cache/trf/sub-34/subject-34_raw-0.5-20_epoch-story-segments_reference-mastoids_key-9c3b000063596e75.pickle,pass,True,,5.0,8.0,0.625,False,False,False,False,True,use,True,True,single_predictor,gammatone-on-1,/Users/yanyuwoo/Desktop/mcmaster-project/alice-comprehension-neural-prediction/analysis/trf_pipeline/results/by_predictor/gammatone-on-1/subject_results.csv,
2026-08-24T18:57:02,sub-35,gammatone-on-1,gammatone-on-1,boosting,0.5-20,story-segments,mastoids,,-0.1,1.0,50,continuous,ok,,,,0.0024789430030878,0.0033643571722337,0.0295424261942292,-0.0288867439027208,0.0111109672772467,43,0.7049180327868853,4,60,61,False,"(61, 56)",True,True,True,"<BoostingResult eeg ~ gammatone-on-1, -0.1 - 1, error=l1, basis=0.05, partitions=5, test=1, selective_stopping=1>",1.6051308522408517e-05,/Users/yanyuwoo/Data/bids/derivatives/eelbrain/cache/trf/sub-35/subject-35_raw-0.5-20_epoch-story-segments_reference-mastoids_key-f4365cee6d28452c.pickle,pass,True,,5.0,8.0,0.625,False,False,False,False,True,use,True,True,single_predictor,gammatone-on-1,/Users/yanyuwoo/Desktop/mcmaster-project/alice-comprehension-neural-prediction/analysis/trf_pipeline/results/by_predictor/gammatone-on-1/subject_results.csv,
2026-08-24T18:57:04,sub-36,gammatone-on-1,gammatone-on-1,boosting,0.5-20,story-segments,mastoids,,-0.1,1.0,50,continuous,ok,,,,0.0105329866578846,0.0127370685748626,0.037959753415735,-0.020516773297939,0.0100676862044113,50,0.819672131147541,49,28,61,False,"(61, 56)",True,True,True,"<BoostingResult eeg ~ gammatone-on-1, -0.1 - 1, error=l1, basis=0.05, partitions=5, test=1, selective_stopping=1>",9.577582035662976e-05,/Users/yanyuwoo/Data/bids/derivatives/eelbrain/cache/trf/sub-36/subject-36_raw-0.5-20_epoch-story-segments_reference-mastoids_key-10e109a5e8942e38.pickle,pass,True,,6.0,8.0,0.75,False,False,False,False,True,use,True,True,single_predictor,gammatone-on-1,/Users/yanyuwoo/Desktop/mcmaster-project/alice-comprehension-neural-prediction/analysis/trf_pipeline/results/by_predictor/gammatone-on-1/subject_results.csv,
2026-08-24T18:57:06,sub-37,gammatone-on-1,gammatone-on-1,boosting,0.5-20,story-segments,mastoids,,-0.1,1.0,50,continuous,ok,,,,0.0122020594032686,0.0156122070614797,0.0364731885942867,-0.0308489224716117,0.0156774416238935,49,0.8032786885245902,23,59,61,False,"(61, 56)",True,True,True,"<BoostingResult eeg ~ gammatone-on-1, -0.1 - 1, error=l1, basis=0.05, partitions=5, test=1, selective_stopping=1>",0.0001449538422556,/Users/yanyuwoo/Data/bids/derivatives/eelbrain/cache/trf/sub-37/subject-37_raw-0.5-20_epoch-story-segments_reference-mastoids_key-1be5a5a534cdd0a5.pickle,pass,True,,8.0,8.0,1.0,False,False,False,False,True,use,True,True,single_predictor,gammatone-on-1,/Users/yanyuwoo/Desktop/mcmaster-project/alice-comprehension-neural-prediction/analysis/trf_pipeline/results/by_predictor/gammatone-on-1/subject_results.csv,
2026-08-24T18:57:09,sub-38,gammatone-on-1,gammatone-on-1,boosting,0.5-20,story-segments,mastoids,,-0.1,1.0,50,continuous,ok,,,,0.035594348191279,0.0398637733617092,0.0602534699424121,-0.0010023422017317,0.0151886729597223,60,0.9836065573770492,50,28,61,False,"(61, 56)",True,True,True,"<BoostingResult eeg ~ gammatone-on-1, -0.1 - 1, error=l1, basis=0.05, partitions=5, test=1, selective_stopping=1>",0.000472976179143,/Users/yanyuwoo/Data/bids/derivatives/eelbrain/cache/trf/sub-38/subject-38_raw-0.5-20_epoch-story-segments_reference-mastoids_key-d5f084805f597f85.pickle,pass,True,,8.0,8.0,1.0,False,False,False,False,True,use,True,True,single_predictor,gammatone-on-1,/Users/yanyuwoo/Desktop/mcmaster-project/alice-comprehension-neural-prediction/analysis/trf_pipeline/results/by_predictor/gammatone-on-1/subject_results.csv,
2026-08-24T18:57:12,sub-39,gammatone-on-1,gammatone-on-1,boosting,0.5-20,story-segments,mastoids,,-0.1,1.0,50,continuous,ok,,,,0.0191835619453987,0.0172804661748195,0.0502020449707683,-0.0003029704413574,0.0114559354208145,60,0.9836065573770492,18,28,61,False,"(61, 56)",True,True,True,"<BoostingResult eeg ~ gammatone-on-1, -0.1 - 1, error=l1, basis=0.05, partitions=5, test=1, selective_stopping=1>",0.0001427084711934,/Users/yanyuwoo/Data/bids/derivatives/eelbrain/cache/trf/sub-39/subject-39_raw-0.5-20_epoch-story-segments_reference-mastoids_key-804886a21ab8f582.pickle,pass,True,,3.0,8.0,0.375,False,False,False,True,True,use,True,True,single_predictor,gammatone-on-1,/Users/yanyuwoo/Desktop/mcmaster-project/alice-comprehension-neural-prediction/analysis/trf_pipeline/results/by_predictor/gammatone-on-1/subject_results.csv,
2026-08-24T18:57:14,sub-40,gammatone-on-1,gammatone-on-1,boosting,0.5-20,story-segments,mastoids,,-0.1,1.0,50,continuous,ok,,,,0.0112332570222903,0.0115687997385357,0.0415585755250768,-0.0179729672031999,0.0129378438173023,50,0.819672131147541,50,55,61,False,"(61, 56)",True,True,True,"<BoostingResult eeg ~ gammatone-on-1, -0.1 - 1, error=l1, basis=0.05, partitions=5, test=1, selective_stopping=1>",0.0001188402551581,/Users/yanyuwoo/Data/bids/derivatives/eelbrain/cache/trf/sub-40/subject-40_raw-0.5-20_epoch-story-segments_reference-mastoids_key-6834bc16a68dbe8a.pickle,pass,True,,6.0,8.0,0.75,False,False,False,False,True,use,True,True,single_predictor,gammatone-on-1,/Users/yanyuwoo/Desktop/mcmaster-project/alice-comprehension-neural-prediction/analysis/trf_pipeline/results/by_predictor/gammatone-on-1/subject_results.csv,
2026-08-24T18:57:16,sub-41,gammatone-on-1,gammatone-on-1,boosting,0.5-20,story-segments,mastoids,,-0.1,1.0,50,continuous,ok,,,,0.0111904792051255,0.0077770686825809,0.0694375710789114,-0.020203506079965,0.019154053878728,48,0.7868852459016393,58,27,61,False,"(61, 56)",True,True,True,"<BoostingResult eeg ~ gammatone-on-1, -0.1 - 1, error=l1, basis=0.05, partitions=5, test=1, selective_stopping=1>",0.0001977947134702,/Users/yanyuwoo/Data/bids/derivatives/eelbrain/cache/trf/sub-41/subject-41_raw-0.5-20_epoch-story-segments_reference-mastoids_key-88123e934e9e82d7.pickle,pass,True,,7.0,8.0,0.875,False,False,False,False,True,use,True,True,single_predictor,gammatone-on-1,/Users/yanyuwoo/Desktop/mcmaster-project/alice-comprehension-neural-prediction/analysis/trf_pipeline/results/by_predictor/gammatone-on-1/subject_results.csv,
2026-08-24T18:57:19,sub-42,gammatone-on-1,gammatone-on-1,boosting,0.5-20,story-segments,mastoids,,-0.1,1.0,50,continuous,ok,,,,0.0248310396125949,0.0293771582285414,0.0643436019248178,-0.0375146384645383,0.0226343651345325,48,0.7868852459016393,59,26,61,False,"(61, 56)",True,True,True,"<BoostingResult eeg ~ gammatone-on-1, -0.1 - 1, error=l1, basis=0.05, partitions=5, test=1, selective_stopping=1>",0.0004762692994713,/Users/yanyuwoo/Data/bids/derivatives/eelbrain/cache/trf/sub-42/subject-42_raw-0.5-20_epoch-story-segments_reference-mastoids_key-8b40f0b9c0df7337.pickle,pass,True,,7.0,8.0,0.875,False,False,False,False,True,use,True,True,single_predictor,gammatone-on-1,/Users/yanyuwoo/Desktop/mcmaster-project/alice-comprehension-neural-prediction/analysis/trf_pipeline/results/by_predictor/gammatone-on-1/subject_results.csv,
2026-08-24T18:57:21,sub-43,gammatone-on-1,gammatone-on-1,boosting,0.5-20,story-segments,mastoids,,-0.1,1.0,50,continuous,ok,,,,0.0058829194782551,0.0064977628737864,0.0241494482112379,-0.0255431513757589,0.009274403729906,47,0.7704918032786885,59,13,61,False,"(61, 56)",True,True,True,"<BoostingResult eeg ~ gammatone-on-1, -0.1 - 1, error=l1, basis=0.05, partitions=5, test=1, selective_stopping=1>",0.0001088942507469,/Users/yanyuwoo/Data/bids/derivatives/eelbrain/cache/trf/sub-43/subject-43_raw-0.5-20_epoch-story-segments_reference-mastoids_key-79a99e59798f0671.pickle,pass,True,,2.0,8.0,0.25,True,False,False,False,True,exclude: low score,True,True,single_predictor,gammatone-on-1,/Users/yanyuwoo/Desktop/mcmaster-project/alice-comprehension-neural-prediction/analysis/trf_pipeline/results/by_predictor/gammatone-on-1/subject_results.csv,
2026-08-24T18:57:23,sub-44,gammatone-on-1,gammatone-on-1,boosting,0.5-20,story-segments,mastoids,,-0.1,1.0,50,continuous,ok,,,,0.0122270566995717,0.0125913778950339,0.0417930714956049,-0.0195992673198417,0.0120066468855762,52,0.8524590163934426,49,32,61,False,"(61, 56)",True,True,True,"<BoostingResult eeg ~ gammatone-on-1, -0.1 - 1, error=l1, basis=0.05, partitions=5, test=1, selective_stopping=1>",0.0002047015263445,/Users/yanyuwoo/Data/bids/derivatives/eelbrain/cache/trf/sub-44/subject-44_raw-0.5-20_epoch-story-segments_reference-mastoids_key-866cf12e8ce26a93.pickle,pass,True,,7.0,8.0,0.875,False,False,False,False,True,use,True,True,single_predictor,gammatone-on-1,/Users/yanyuwoo/Desktop/mcmaster-project/alice-comprehension-neural-prediction/analysis/trf_pipeline/results/by_predictor/gammatone-on-1/subject_results.csv,
2026-08-24T18:57:26,sub-45,gammatone-on-1,gammatone-on-1,boosting,0.5-20,story-segments,mastoids,,-0.1,1.0,50,continuous,ok,,,,0.0318589301432925,0.033933661717544,0.0645306286272579,-0.0074335826920376,0.0166589733378852,60,0.9836065573770492,2,57,61,False,"(61, 56)",True,True,True,"<BoostingResult eeg ~ gammatone-on-1, -0.1 - 1, error=l1, basis=0.05, partitions=5, test=1, selective_stopping=1>",0.0004191760661611,/Users/yanyuwoo/Data/bids/derivatives/eelbrain/cache/trf/sub-45/subject-45_raw-0.5-20_epoch-story-segments_reference-mastoids_key-5324a9d2e17237ec.pickle,pass,True,,5.0,8.0,0.625,False,False,False,False,True,use,True,True,single_predictor,gammatone-on-1,/Users/yanyuwoo/Desktop/mcmaster-project/alice-comprehension-neural-prediction/analysis/trf_pipeline/results/by_predictor/gammatone-on-1/subject_results.csv,
2026-08-24T18:57:29,sub-46,gammatone-on-1,gammatone-on-1,boosting,0.5-20,story-segments,mastoids,,-0.1,1.0,50,continuous,ok,,,,-0.0079808879441131,-0.0095372677255217,0.0190022482642207,-0.0247695398316951,0.0097278326856704,14,0.2295081967213114,49,56,61,False,"(61, 56)",True,True,True,"<BoostingResult eeg ~ gammatone-on-1, -0.1 - 1, error=l1, basis=0.05, partitions=5, test=1, selective_stopping=1>",-3.548191832060649e-05,/Users/yanyuwoo/Data/bids/derivatives/eelbrain/cache/trf/sub-46/subject-46_raw-0.5-20_epoch-story-segments_reference-mastoids_key-826d9a53f8b369d9.pickle,pass,True,,3.0,8.0,0.375,True,True,False,False,False,exclude: low score & noise,True,False,single_predictor,gammatone-on-1,/Users/yanyuwoo/Desktop/mcmaster-project/alice-comprehension-neural-prediction/analysis/trf_pipeline/results/by_predictor/gammatone-on-1/subject_results.csv,
2026-08-24T18:57:31,sub-47,gammatone-on-1,gammatone-on-1,boosting,0.5-20,story-segments,mastoids,,-0.1,1.0,50,continuous,ok,,,,0.0154804157790884,0.0162312493904382,0.0402154688382532,-0.0099732694768878,0.0099424464085883,57,0.9344262295081968,51,31,61,False,"(61, 56)",True,True,True,"<BoostingResult eeg ~ gammatone-on-1, -0.1 - 1, error=l1, basis=0.05, partitions=5, test=1, selective_stopping=1>",0.000168158608982,/Users/yanyuwoo/Data/bids/derivatives/eelbrain/cache/trf/sub-47/subject-47_raw-0.5-20_epoch-story-segments_reference-mastoids_key-0264217eca675b51.pickle,pass,True,,4.0,8.0,0.5,True,True,False,False,False,exclude: low score & noise,True,False,single_predictor,gammatone-on-1,/Users/yanyuwoo/Desktop/mcmaster-project/alice-comprehension-neural-prediction/analysis/trf_pipeline/results/by_predictor/gammatone-on-1/subject_results.csv,
2026-08-24T18:57:33,sub-48,gammatone-on-1,gammatone-on-1,boosting,0.5-20,story-segments,mastoids,,-0.1,1.0,50,continuous,ok,,,,0.0137663066062264,0.0127399451712147,0.047570718232411,-0.0111124481833715,0.013727129062055,48,0.7868852459016393,25,22,61,False,"(61, 56)",True,True,True,"<BoostingResult eeg ~ gammatone-on-1, -0.1 - 1, error=l1, basis=0.05, partitions=5, test=1, selective_stopping=1>",0.0001294253198369,/Users/yanyuwoo/Data/bids/derivatives/eelbrain/cache/trf/sub-48/subject-48_raw-0.5-20_epoch-story-segments_reference-mastoids_key-f58e900d78cc2c81.pickle,pass,True,,7.0,8.0,0.875,False,False,False,False,True,use,True,True,single_predictor,gammatone-on-1,/Users/yanyuwoo/Desktop/mcmaster-project/alice-comprehension-neural-prediction/analysis/trf_pipeline/results/by_predictor/gammatone-on-1/subject_results.csv,
2026-08-24T18:57:36,sub-49,gammatone-on-1,gammatone-on-1,boosting,0.5-20,story-segments,mastoids,,-0.1,1.0,50,continuous,ok,,,,0.0124548881838699,0.0131141107424479,0.0355819362140437,-0.0283261594739904,0.0134212625396342,50,0.819672131147541,10,27,61,False,"(61, 56)",True,True,True,"<BoostingResult eeg ~ gammatone-on-1, -0.1 - 1, error=l1, basis=0.05, partitions=5, test=1, selective_stopping=1>",0.0001090971973861,/Users/yanyuwoo/Data/bids/derivatives/eelbrain/cache/trf/sub-49/subject-49_raw-0.5-20_epoch-story-segments_reference-mastoids_key-a588f5cb3ea4caac.pickle,pass,True,,6.0,8.0,0.75,False,True,False,False,False,exclude: noise,True,False,single_predictor,gammatone-on-1,/Users/yanyuwoo/Desktop/mcmaster-project/alice-comprehension-neural-prediction/analysis/trf_pipeline/results/by_predictor/gammatone-on-1/subject_results.csv,
2026-08-24T18:46:00,sub-01,gammatone-on-8,gammatone-on-8,boosting,0.5-20,story-segments,mastoids,,-0.1,1.0,50,continuous,ok,,,,0.0502373271554028,0.0468565129611524,0.1081502031842893,-0.0090340190932167,0.0342321262243242,56,0.918032786885246,41,25,61,False,"(61, 8, 56)",True,True,True,"<BoostingResult eeg ~ gammatone-on-8, -0.1 - 1, error=l1, basis=0.05, partitions=5, test=1, selective_stopping=1>",0.0020568085795271,/Users/yanyuwoo/Data/bids/derivatives/eelbrain/cache/trf/sub-01/subject-01_raw-0.5-20_epoch-story-segments_reference-mastoids_key-87e56fd1d98ba01d.pickle,pass,True,,6.0,8.0,0.75,False,False,False,False,True,use,True,True,single_predictor,gammatone-on-8,/Users/yanyuwoo/Desktop/mcmaster-project/alice-comprehension-neural-prediction/analysis/trf_pipeline/results/by_predictor/gammatone-on-8/subject_results.csv,
2026-08-24T18:46:00,sub-02,gammatone-on-8,gammatone-on-8,boosting,0.5-20,story-segments,mastoids,,-0.1,1.0,50,continuous,ok,,,,0.0213078474154625,0.0200990820251221,0.0597070636353594,-0.0105023587689288,0.0206392873489245,50,0.819672131147541,17,48,61,False,"(61, 8, 56)",True,True,True,"<BoostingResult eeg ~ gammatone-on-8, -0.1 - 1, error=l1, basis=0.05, partitions=5, test=1, selective_stopping=1>",0.000417848656471,/Users/yanyuwoo/Data/bids/derivatives/eelbrain/cache/trf/sub-02/subject-02_raw-0.5-20_epoch-story-segments_reference-mastoids_key-467919b1b2a4bdcc.pickle,pass,True,,6.0,8.0,0.75,False,True,False,False,False,exclude: noise,True,False,single_predictor,gammatone-on-8,/Users/yanyuwoo/Desktop/mcmaster-project/alice-comprehension-neural-prediction/analysis/trf_pipeline/results/by_predictor/gammatone-on-8/subject_results.csv,
2026-08-24T18:46:00,sub-03,gammatone-on-8,gammatone-on-8,boosting,0.5-20,story-segments,mastoids,,-0.1,1.0,50,continuous,ok,,,,0.0148135064953948,0.0141299605774787,0.0574213062790495,-0.016902892490541,0.0147724780664258,54,0.8852459016393442,59,25,61,False,"(61, 8, 56)",True,True,True,"<BoostingResult eeg ~ gammatone-on-8, -0.1 - 1, error=l1, basis=0.05, partitions=5, test=1, selective_stopping=1>",0.0002749622484362,/Users/yanyuwoo/Data/bids/derivatives/eelbrain/cache/trf/sub-03/subject-03_raw-0.5-20_epoch-story-segments_reference-mastoids_key-9115176971b7d4ed.pickle,pass,True,,6.0,8.0,0.75,False,False,False,False,True,use,True,True,single_predictor,gammatone-on-8,/Users/yanyuwoo/Desktop/mcmaster-project/alice-comprehension-neural-prediction/analysis/trf_pipeline/results/by_predictor/gammatone-on-8/subject_results.csv,
2026-08-24T18:46:00,sub-04,gammatone-on-8,gammatone-on-8,boosting,0.5-20,story-segments,mastoids,,-0.1,1.0,50,continuous,ok,,,,0.0128135998491533,0.0124413237399344,0.0486476335914145,-0.0175701416446722,0.0134018368148261,50,0.819672131147541,19,53,61,False,"(61, 8, 56)",True,True,True,"<BoostingResult eeg ~ gammatone-on-8, -0.1 - 1, error=l1, basis=0.05, partitions=5, test=1, selective_stopping=1>",0.0001515621416674,/Users/yanyuwoo/Data/bids/derivatives/eelbrain/cache/trf/sub-04/subject-04_raw-0.5-20_epoch-story-segments_reference-mastoids_key-b03c48d3b4269c83.pickle,pass,True,,7.0,8.0,0.875,False,False,False,False,True,use,True,True,single_predictor,gammatone-on-8,/Users/yanyuwoo/Desktop/mcmaster-project/alice-comprehension-neural-prediction/analysis/trf_pipeline/results/by_predictor/gammatone-on-8/subject_results.csv,
2026-08-24T18:46:00,sub-05,gammatone-on-8,gammatone-on-8,boosting,0.5-20,story-segments,mastoids,,-0.1,1.0,50,continuous,ok,,,,0.0246410813000693,0.0252558714354535,0.0583645185405728,-0.006151402233678,0.014860615062104,58,0.9508196721311476,50,56,61,False,"(61, 8, 56)",True,True,True,"<BoostingResult eeg ~ gammatone-on-8, -0.1 - 1, error=l1, basis=0.05, partitions=5, test=1, selective_stopping=1>",0.0004006940492613,/Users/yanyuwoo/Data/bids/derivatives/eelbrain/cache/trf/sub-05/subject-05_raw-0.5-20_epoch-story-segments_reference-mastoids_key-de11d2330ead2e48.pickle,pass,True,,7.0,8.0,0.875,False,False,False,False,True,use,True,True,single_predictor,gammatone-on-8,/Users/yanyuwoo/Desktop/mcmaster-project/alice-comprehension-neural-prediction/analysis/trf_pipeline/results/by_predictor/gammatone-on-8/subject_results.csv,
2026-08-24T18:46:00,sub-06,gammatone-on-8,gammatone-on-8,boosting,0.5-20,story-segments,mastoids,,-0.1,1.0,50,continuous,ok,,,,0.0203374994933159,0.0197496125397179,0.0647607396054067,-0.0164755393099124,0.017697109199583,51,0.8360655737704918,51,30,61,False,"(61, 8, 56)",True,True,True,"<BoostingResult eeg ~ gammatone-on-8, -0.1 - 1, error=l1, basis=0.05, partitions=5, test=1, selective_stopping=1>",0.0004377992377628,/Users/yanyuwoo/Data/bids/derivatives/eelbrain/cache/trf/sub-06/subject-06_raw-0.5-20_epoch-story-segments_reference-mastoids_key-5235d44dc085c6b9.pickle,pass,True,,5.0,8.0,0.625,False,False,False,False,True,use,True,True,single_predictor,gammatone-on-8,/Users/yanyuwoo/Desktop/mcmaster-project/alice-comprehension-neural-prediction/analysis/trf_pipeline/results/by_predictor/gammatone-on-8/subject_results.csv,
2026-08-24T18:46:00,sub-07,gammatone-on-8,gammatone-on-8,boosting,0.5-20,story-segments,mastoids,,-0.1,1.0,50,continuous,ok,,,,0.0246573837396972,0.0275105478889944,0.0459053791690695,-0.0057399969601079,0.0126764437234523,59,0.9672131147540984,20,26,61,False,"(61, 8, 56)",True,True,True,"<BoostingResult eeg ~ gammatone-on-8, -0.1 - 1, error=l1, basis=0.05, partitions=5, test=1, selective_stopping=1>",0.0004679080056156,/Users/yanyuwoo/Data/bids/derivatives/eelbrain/cache/trf/sub-07/subject-07_raw-0.5-20_epoch-story-segments_reference-mastoids_key-935341ecba62c3e1.pickle,pass,True,,4.0,8.0,0.5,True,False,False,False,True,exclude: low score,True,True,single_predictor,gammatone-on-8,/Users/yanyuwoo/Desktop/mcmaster-project/alice-comprehension-neural-prediction/analysis/trf_pipeline/results/by_predictor/gammatone-on-8/subject_results.csv,
2026-08-24T18:46:00,sub-08,gammatone-on-8,gammatone-on-8,boosting,0.5-20,story-segments,mastoids,,-0.1,1.0,50,continuous,ok,,,,0.0191282663079717,0.0175742074301696,0.0526333448028479,-0.0055368460738648,0.0132656356183278,56,0.918032786885246,19,26,61,False,"(61, 8, 56)",True,True,True,"<BoostingResult eeg ~ gammatone-on-8, -0.1 - 1, error=l1, basis=0.05, partitions=5, test=1, selective_stopping=1>",0.0004370571786294,/Users/yanyuwoo/Data/bids/derivatives/eelbrain/cache/trf/sub-08/subject-08_raw-0.5-20_epoch-story-segments_reference-mastoids_key-34f6e312b893cfad.pickle,pass,True,,6.0,8.0,0.75,False,False,False,False,True,use,True,True,single_predictor,gammatone-on-8,/Users/yanyuwoo/Desktop/mcmaster-project/alice-comprehension-neural-prediction/analysis/trf_pipeline/results/by_predictor/gammatone-on-8/subject_results.csv,
2026-08-24T18:46:00,sub-09,gammatone-on-8,gammatone-on-8,boosting,0.5-20,story-segments,mastoids,,-0.1,1.0,50,continuous,ok,,,,0.0289870774378274,0.0312000106940828,0.071243202429827,-0.0235463553242123,0.024416143047636,51,0.8360655737704918,10,58,61,False,"(61, 8, 56)",True,True,True,"<BoostingResult eeg ~ gammatone-on-8, -0.1 - 1, error=l1, basis=0.05, partitions=5, test=1, selective_stopping=1>",0.0007027677582726,/Users/yanyuwoo/Data/bids/derivatives/eelbrain/cache/trf/sub-09/subject-09_raw-0.5-20_epoch-story-segments_reference-mastoids_key-3547fad562858b9c.pickle,fail,False,audio_alignment_failed,2.0,8.0,0.25,True,False,False,False,True,exclude: low score,False,False,single_predictor,gammatone-on-8,/Users/yanyuwoo/Desktop/mcmaster-project/alice-comprehension-neural-prediction/analysis/trf_pipeline/results/by_predictor/gammatone-on-8/subject_results.csv,
2026-08-24T18:46:00,sub-10,gammatone-on-8,gammatone-on-8,boosting,0.5-20,story-segments,mastoids,,-0.1,1.0,50,continuous,ok,,,,0.0044593054866572,0.0009755423302303,0.0607823863969969,-0.0254277295571744,0.0169494188210124,33,0.5409836065573771,51,31,61,False,"(61, 8, 56)",True,True,True,"<BoostingResult eeg ~ gammatone-on-8, -0.1 - 1, error=l1, basis=0.05, partitions=5, test=1, selective_stopping=1>",7.94327578098954e-05,/Users/yanyuwoo/Data/bids/derivatives/eelbrain/cache/trf/sub-10/subject-10_raw-0.5-20_epoch-story-segments_reference-mastoids_key-14fcd480a6ad8165.pickle,pass,True,,5.0,8.0,0.625,False,False,False,False,True,use,True,True,single_predictor,gammatone-on-8,/Users/yanyuwoo/Desktop/mcmaster-project/alice-comprehension-neural-prediction/analysis/trf_pipeline/results/by_predictor/gammatone-on-8/subject_results.csv,
2026-08-24T18:46:00,sub-11,gammatone-on-8,gammatone-on-8,boosting,0.5-20,story-segments,mastoids,,-0.1,1.0,50,continuous,ok,,,,0.0090060073001713,0.0120179380203401,0.0291584534627986,-0.0171658568116987,0.0113407121014613,45,0.7377049180327869,61,24,61,False,"(61, 8, 56)",True,True,True,"<BoostingResult eeg ~ gammatone-on-8, -0.1 - 1, error=l1, basis=0.05, partitions=5, test=1, selective_stopping=1>",4.6046246108344945e-05,/Users/yanyuwoo/Data/bids/derivatives/eelbrain/cache/trf/sub-11/subject-11_raw-0.5-20_epoch-story-segments_reference-mastoids_key-e65091c0042fbc9b.pickle,pass,True,,6.0,8.0,0.75,False,False,False,False,True,use,True,True,single_predictor,gammatone-on-8,/Users/yanyuwoo/Desktop/mcmaster-project/alice-comprehension-neural-prediction/analysis/trf_pipeline/results/by_predictor/gammatone-on-8/subject_results.csv,
2026-08-24T18:46:00,sub-12,gammatone-on-8,gammatone-on-8,boosting,0.5-20,story-segments,mastoids,,-0.1,1.0,50,continuous,ok,,,,0.0233743867732624,0.0253335620592836,0.0506888464340429,-0.007433872662486,0.0130799653522377,57,0.9344262295081968,49,30,61,False,"(61, 8, 56)",True,True,True,"<BoostingResult eeg ~ gammatone-on-8, -0.1 - 1, error=l1, basis=0.05, partitions=5, test=1, selective_stopping=1>",0.0004147480475974,/Users/yanyuwoo/Data/bids/derivatives/eelbrain/cache/trf/sub-12/subject-12_raw-0.5-20_epoch-story-segments_reference-mastoids_key-5232ba6288f83066.pickle,pass,True,,6.0,8.0,0.75,False,False,False,False,True,use,True,True,single_predictor,gammatone-on-8,/Users/yanyuwoo/Desktop/mcmaster-project/alice-comprehension-neural-prediction/analysis/trf_pipeline/results/by_predictor/gammatone-on-8/subject_results.csv,
2026-08-24T18:46:00,sub-13,gammatone-on-8,gammatone-on-8,boosting,0.5-20,story-segments,mastoids,,-0.1,1.0,50,continuous,ok,,,,0.06803719700477,0.0660400655730422,0.1618661319279782,-0.0179238680930469,0.0541288348950568,51,0.8360655737704918,1,55,61,False,"(61, 8, 56)",True,True,True,"<BoostingResult eeg ~ gammatone-on-8, -0.1 - 1, error=l1, basis=0.05, partitions=5, test=1, selective_stopping=1>",0.0047921804030863,/Users/yanyuwoo/Data/bids/derivatives/eelbrain/cache/trf/sub-13/subject-13_raw-0.5-20_epoch-story-segments_reference-mastoids_key-0ab59fc566f59621.pickle,pass,True,,8.0,8.0,1.0,False,False,False,False,True,use,True,True,single_predictor,gammatone-on-8,/Users/yanyuwoo/Desktop/mcmaster-project/alice-comprehension-neural-prediction/analysis/trf_pipeline/results/by_predictor/gammatone-on-8/subject_results.csv,
2026-08-24T18:46:00,sub-14,gammatone-on-8,gammatone-on-8,boosting,0.5-20,story-segments,mastoids,,-0.1,1.0,50,continuous,ok,,,,0.0620693710104265,0.0640983698917622,0.1214741532265763,-0.0074553942044735,0.0336517063940706,60,0.9836065573770492,50,53,61,False,"(61, 8, 56)",True,True,True,"<BoostingResult eeg ~ gammatone-on-8, -0.1 - 1, error=l1, basis=0.05, partitions=5, test=1, selective_stopping=1>",0.0024295380476157,/Users/yanyuwoo/Data/bids/derivatives/eelbrain/cache/trf/sub-14/subject-14_raw-0.5-20_epoch-story-segments_reference-mastoids_key-f1969f021b354ba3.pickle,pass,True,,4.0,4.0,1.0,False,False,True,False,True,use,True,True,single_predictor,gammatone-on-8,/Users/yanyuwoo/Desktop/mcmaster-project/alice-comprehension-neural-prediction/analysis/trf_pipeline/results/by_predictor/gammatone-on-8/subject_results.csv,
2026-08-24T18:46:00,sub-15,gammatone-on-8,gammatone-on-8,boosting,0.5-20,story-segments,mastoids,,-0.1,1.0,50,continuous,ok,,,,0.0557362862890979,0.0592155313348762,0.1170837839664373,-0.0106108202563958,0.0373159182219397,55,0.9016393442622952,18,52,61,False,"(61, 8, 56)",True,True,True,"<BoostingResult eeg ~ gammatone-on-8, -0.1 - 1, error=l1, basis=0.05, partitions=5, test=1, selective_stopping=1>",0.002415202070139,/Users/yanyuwoo/Data/bids/derivatives/eelbrain/cache/trf/sub-15/subject-15_raw-0.5-20_epoch-story-segments_reference-mastoids_key-f1f79a6ae6b15641.pickle,pass,True,,4.0,4.0,1.0,False,False,True,False,True,use,True,True,single_predictor,gammatone-on-8,/Users/yanyuwoo/Desktop/mcmaster-project/alice-comprehension-neural-prediction/analysis/trf_pipeline/results/by_predictor/gammatone-on-8/subject_results.csv,
2026-08-24T18:46:00,sub-16,gammatone-on-8,gammatone-on-8,boosting,0.5-20,story-segments,mastoids,,-0.1,1.0,50,continuous,ok,,,,0.031603758080526,0.0264772535288229,0.0752559124845165,-0.0090128772750516,0.0259507789617312,54,0.8852459016393442,45,25,61,False,"(61, 8, 56)",True,True,True,"<BoostingResult eeg ~ gammatone-on-8, -0.1 - 1, error=l1, basis=0.05, partitions=5, test=1, selective_stopping=1>",0.0009134290783983,/Users/yanyuwoo/Data/bids/derivatives/eelbrain/cache/trf/sub-16/subject-16_raw-0.5-20_epoch-story-segments_reference-mastoids_key-02cbe1f559831279.pickle,fail,False,audio_alignment_failed,6.0,8.0,0.75,False,False,False,False,True,use,False,False,single_predictor,gammatone-on-8,/Users/yanyuwoo/Desktop/mcmaster-project/alice-comprehension-neural-prediction/analysis/trf_pipeline/results/by_predictor/gammatone-on-8/subject_results.csv,
2026-08-24T18:46:00,sub-17,gammatone-on-8,gammatone-on-8,boosting,0.5-20,story-segments,mastoids,,-0.1,1.0,50,continuous,ok,,,,0.0454578215300488,0.0443435825875291,0.1032981323256607,-0.0016150988411963,0.0273534198099361,60,0.9836065573770492,60,52,61,False,"(61, 8, 56)",True,True,True,"<BoostingResult eeg ~ gammatone-on-8, -0.1 - 1, error=l1, basis=0.05, partitions=5, test=1, selective_stopping=1>",0.0011407300842619,/Users/yanyuwoo/Data/bids/derivatives/eelbrain/cache/trf/sub-17/subject-17_raw-0.5-20_epoch-story-segments_reference-mastoids_key-5ec1fc6cb05ee768.pickle,pass,True,,6.0,8.0,0.75,False,False,False,False,True,use,True,True,single_predictor,gammatone-on-8,/Users/yanyuwoo/Desktop/mcmaster-project/alice-comprehension-neural-prediction/analysis/trf_pipeline/results/by_predictor/gammatone-on-8/subject_results.csv,
2026-08-24T18:46:00,sub-18,gammatone-on-8,gammatone-on-8,boosting,0.5-20,story-segments,mastoids,,-0.1,1.0,50,continuous,ok,,,,0.0263791011165649,0.0254976836497685,0.0602919731580995,-0.0157172516050508,0.0186355906386682,57,0.9344262295081968,43,22,61,False,"(61, 8, 56)",True,True,True,"<BoostingResult eeg ~ gammatone-on-8, -0.1 - 1, error=l1, basis=0.05, partitions=5, test=1, selective_stopping=1>",0.0006238164609455,/Users/yanyuwoo/Data/bids/derivatives/eelbrain/cache/trf/sub-18/subject-18_raw-0.5-20_epoch-story-segments_reference-mastoids_key-db3eca8af7774d40.pickle,pass,True,,7.0,8.0,0.875,False,False,False,False,True,use,True,True,single_predictor,gammatone-on-8,/Users/yanyuwoo/Desktop/mcmaster-project/alice-comprehension-neural-prediction/analysis/trf_pipeline/results/by_predictor/gammatone-on-8/subject_results.csv,
2026-08-24T18:46:00,sub-19,gammatone-on-8,gammatone-on-8,boosting,0.5-20,story-segments,mastoids,,-0.1,1.0,50,continuous,ok,,,,0.0142244783852434,0.0136840281652136,0.038008374360069,-0.0182658284725771,0.014558212921093,48,0.7868852459016393,19,61,61,False,"(61, 8, 56)",True,True,True,"<BoostingResult eeg ~ gammatone-on-8, -0.1 - 1, error=l1, basis=0.05, partitions=5, test=1, selective_stopping=1>",0.0002546358985614,/Users/yanyuwoo/Data/bids/derivatives/eelbrain/cache/trf/sub-19/subject-19_raw-0.5-20_epoch-story-segments_reference-mastoids_key-68685b0544d3f629.pickle,pass,True,,8.0,8.0,1.0,False,False,False,False,True,use,True,True,single_predictor,gammatone-on-8,/Users/yanyuwoo/Desktop/mcmaster-project/alice-comprehension-neural-prediction/analysis/trf_pipeline/results/by_predictor/gammatone-on-8/subject_results.csv,
2026-08-24T18:46:00,sub-20,gammatone-on-8,gammatone-on-8,boosting,0.5-20,story-segments,mastoids,,-0.1,1.0,50,continuous,ok,,,,0.0033309486735291,-0.0010019585994966,0.0962107336879765,-0.0225738108104056,0.0198851297796495,28,0.4590163934426229,50,8,61,False,"(61, 8, 56)",True,True,True,"<BoostingResult eeg ~ gammatone-on-8, -0.1 - 1, error=l1, basis=0.05, partitions=5, test=1, selective_stopping=1>",9.37632504924864e-05,/Users/yanyuwoo/Data/bids/derivatives/eelbrain/cache/trf/sub-20/subject-20_raw-0.5-20_epoch-story-segments_reference-mastoids_key-a5c16a3e1aeed110.pickle,pass,True,,5.0,8.0,0.625,False,False,False,False,True,use,True,True,single_predictor,gammatone-on-8,/Users/yanyuwoo/Desktop/mcmaster-project/alice-comprehension-neural-prediction/analysis/trf_pipeline/results/by_predictor/gammatone-on-8/subject_results.csv,
2026-08-24T18:46:00,sub-21,gammatone-on-8,gammatone-on-8,boosting,0.5-20,story-segments,mastoids,,-0.1,1.0,50,continuous,ok,,,,0.0171419619160457,0.0186853207188207,0.047725478168825,-0.006277353449313,0.0108998727120523,57,0.9344262295081968,49,14,61,False,"(61, 8, 56)",True,True,True,"<BoostingResult eeg ~ gammatone-on-8, -0.1 - 1, error=l1, basis=0.05, partitions=5, test=1, selective_stopping=1>",0.0004977818995239,/Users/yanyuwoo/Data/bids/derivatives/eelbrain/cache/trf/sub-21/subject-21_raw-0.5-20_epoch-story-segments_reference-mastoids_key-6c8cd7b2f813612f.pickle,pass,True,,,,,False,False,False,False,False,use,False,False,single_predictor,gammatone-on-8,/Users/yanyuwoo/Desktop/mcmaster-project/alice-comprehension-neural-prediction/analysis/trf_pipeline/results/by_predictor/gammatone-on-8/subject_results.csv,
2026-08-24T18:46:00,sub-22,gammatone-on-8,gammatone-on-8,boosting,0.5-20,story-segments,mastoids,,-0.1,1.0,50,continuous,ok,,,,0.0018383841830047,-0.0004192600927958,0.0289175422373855,-0.0149845778923068,0.0110163409230851,28,0.4590163934426229,39,22,61,False,"(61, 8, 56)",True,True,True,"<BoostingResult eeg ~ gammatone-on-8, -0.1 - 1, error=l1, basis=0.05, partitions=5, test=1, selective_stopping=1>",-6.710477138299844e-05,/Users/yanyuwoo/Data/bids/derivatives/eelbrain/cache/trf/sub-22/subject-22_raw-0.5-20_epoch-story-segments_reference-mastoids_key-4b3b96528957bde5.pickle,pass,True,,6.0,8.0,0.75,False,False,False,False,True,use,True,True,single_predictor,gammatone-on-8,/Users/yanyuwoo/Desktop/mcmaster-project/alice-comprehension-neural-prediction/analysis/trf_pipeline/results/by_predictor/gammatone-on-8/subject_results.csv,
2026-08-24T18:46:01,sub-23,gammatone-on-8,gammatone-on-8,boosting,0.5-20,story-segments,mastoids,,-0.1,1.0,50,continuous,ok,,,,0.021466781921272,0.0226057783378303,0.0639431695426681,-0.0126553579457646,0.0185825653225923,51,0.8360655737704918,47,56,61,False,"(61, 8, 56)",True,True,True,"<BoostingResult eeg ~ gammatone-on-8, -0.1 - 1, error=l1, basis=0.05, partitions=5, test=1, selective_stopping=1>",0.0001823622004632,/Users/yanyuwoo/Data/bids/derivatives/eelbrain/cache/trf/sub-23/subject-23_raw-0.5-20_epoch-story-segments_reference-mastoids_key-5386a30e6182a79b.pickle,pass,True,,3.0,8.0,0.375,True,False,False,False,True,exclude: low score,True,True,single_predictor,gammatone-on-8,/Users/yanyuwoo/Desktop/mcmaster-project/alice-comprehension-neural-prediction/analysis/trf_pipeline/results/by_predictor/gammatone-on-8/subject_results.csv,
2026-08-24T18:46:01,sub-24,gammatone-on-8,gammatone-on-8,boosting,0.5-20,story-segments,mastoids,,-0.1,1.0,50,continuous,ok,,,,0.0091338014510607,0.0119122527944957,0.0385721370681684,-0.019012894106574,0.0132358817628724,45,0.7377049180327869,50,30,61,False,"(61, 8, 56)",True,True,True,"<BoostingResult eeg ~ gammatone-on-8, -0.1 - 1, error=l1, basis=0.05, partitions=5, test=1, selective_stopping=1>",6.365363537564876e-05,/Users/yanyuwoo/Data/bids/derivatives/eelbrain/cache/trf/sub-24/subject-24_raw-0.5-20_epoch-story-segments_reference-mastoids_key-0a6114abd67cc2f9.pickle,pass,True,,4.0,8.0,0.5,True,False,False,False,True,exclude: low score,True,True,single_predictor,gammatone-on-8,/Users/yanyuwoo/Desktop/mcmaster-project/alice-comprehension-neural-prediction/analysis/trf_pipeline/results/by_predictor/gammatone-on-8/subject_results.csv,
2026-08-24T18:46:01,sub-25,gammatone-on-8,gammatone-on-8,boosting,0.5-20,story-segments,mastoids,,-0.1,1.0,50,continuous,ok,,,,0.0239980097933518,0.0227569617448074,0.0593810343517794,-0.0138160890392842,0.0153220614262581,56,0.918032786885246,48,28,61,False,"(61, 8, 56)",True,True,True,"<BoostingResult eeg ~ gammatone-on-8, -0.1 - 1, error=l1, basis=0.05, partitions=5, test=1, selective_stopping=1>",0.000487823309618,/Users/yanyuwoo/Data/bids/derivatives/eelbrain/cache/trf/sub-25/subject-25_raw-0.5-20_epoch-story-segments_reference-mastoids_key-f6b2c6f498eddfbe.pickle,pass,True,,5.0,8.0,0.625,False,False,False,False,True,use,True,True,single_predictor,gammatone-on-8,/Users/yanyuwoo/Desktop/mcmaster-project/alice-comprehension-neural-prediction/analysis/trf_pipeline/results/by_predictor/gammatone-on-8/subject_results.csv,
2026-08-24T18:46:22,sub-26,gammatone-on-8,gammatone-on-8,boosting,0.5-20,story-segments,mastoids,,-0.1,1.0,50,continuous,ok,,,,0.020849843564242,0.018597322931525,0.0553601770984112,-0.0092950251972712,0.013297201744121,59,0.9672131147540984,19,53,61,False,"(61, 8, 56)",True,True,True,"<BoostingResult eeg ~ gammatone-on-8, -0.1 - 1, error=l1, basis=0.05, partitions=5, test=1, selective_stopping=1>",0.0006318485126168,/Users/yanyuwoo/Data/bids/derivatives/eelbrain/cache/trf/sub-26/subject-26_raw-0.5-20_epoch-story-segments_reference-mastoids_key-2a3180d69a84bc65.pickle,pass,True,,6.0,8.0,0.75,False,False,False,False,True,use,True,True,single_predictor,gammatone-on-8,/Users/yanyuwoo/Desktop/mcmaster-project/alice-comprehension-neural-prediction/analysis/trf_pipeline/results/by_predictor/gammatone-on-8/subject_results.csv,
2026-08-24T18:46:44,sub-27,gammatone-on-8,gammatone-on-8,boosting,0.5-20,story-segments,mastoids,,-0.1,1.0,50,continuous,ok,,,,0.027630514404564,0.0325748593648976,0.0455870846506165,-0.0019051400724179,0.0138827955210953,60,0.9836065573770492,33,27,61,False,"(61, 8, 56)",True,True,True,"<BoostingResult eeg ~ gammatone-on-8, -0.1 - 1, error=l1, basis=0.05, partitions=5, test=1, selective_stopping=1>",0.0005280997459222,/Users/yanyuwoo/Data/bids/derivatives/eelbrain/cache/trf/sub-27/subject-27_raw-0.5-20_epoch-story-segments_reference-mastoids_key-5dc281588d6cb88c.pickle,pass,True,,4.0,8.0,0.5,True,False,False,False,True,exclude: low score,True,True,single_predictor,gammatone-on-8,/Users/yanyuwoo/Desktop/mcmaster-project/alice-comprehension-neural-prediction/analysis/trf_pipeline/results/by_predictor/gammatone-on-8/subject_results.csv,
2026-08-24T18:47:06,sub-28,gammatone-on-8,gammatone-on-8,boosting,0.5-20,story-segments,mastoids,,-0.1,1.0,50,continuous,ok,,,,0.0316918992935464,0.031406627273538,0.0692375831152886,-0.01624062684796,0.0234982982907599,53,0.8688524590163934,37,55,61,False,"(61, 8, 56)",True,True,True,"<BoostingResult eeg ~ gammatone-on-8, -0.1 - 1, error=l1, basis=0.05, partitions=5, test=1, selective_stopping=1>",0.0007187813837977,/Users/yanyuwoo/Data/bids/derivatives/eelbrain/cache/trf/sub-28/subject-28_raw-0.5-20_epoch-story-segments_reference-mastoids_key-124ed130a2975fef.pickle,pass,True,,7.0,8.0,0.875,False,True,False,False,False,exclude: noise,True,False,single_predictor,gammatone-on-8,/Users/yanyuwoo/Desktop/mcmaster-project/alice-comprehension-neural-prediction/analysis/trf_pipeline/results/by_predictor/gammatone-on-8/subject_results.csv,
2026-08-24T18:47:31,sub-29,gammatone-on-8,gammatone-on-8,boosting,0.5-20,story-segments,mastoids,,-0.1,1.0,50,continuous,ok,,,,0.0010650272125262,0.0004356662544799,0.0208611894918963,-0.0264849421302532,0.01026044867304,34,0.5573770491803278,39,5,61,False,"(61, 8, 56)",True,True,True,"<BoostingResult eeg ~ gammatone-on-8, -0.1 - 1, error=l1, basis=0.05, partitions=5, test=1, selective_stopping=1>",-8.449503106100122e-05,/Users/yanyuwoo/Data/bids/derivatives/eelbrain/cache/trf/sub-29/subject-29_raw-0.5-20_epoch-story-segments_reference-mastoids_key-39e62ccf31ebfe1e.pickle,pass,True,,6.0,8.0,0.75,False,True,False,False,False,exclude: noise,True,False,single_predictor,gammatone-on-8,/Users/yanyuwoo/Desktop/mcmaster-project/alice-comprehension-neural-prediction/analysis/trf_pipeline/results/by_predictor/gammatone-on-8/subject_results.csv,
2026-08-24T18:47:45,sub-30,gammatone-on-8,gammatone-on-8,boosting,0.5-20,story-segments,mastoids,,-0.1,1.0,50,continuous,ok,,,,0.0155588989893404,0.0173670266668455,0.0328117350415795,-0.0147475642347433,0.0116808202997639,53,0.8688524590163934,44,26,61,False,"(61, 8, 56)",True,True,True,"<BoostingResult eeg ~ gammatone-on-8, -0.1 - 1, error=l1, basis=0.05, partitions=5, test=1, selective_stopping=1>",0.0003905811052106,/Users/yanyuwoo/Data/bids/derivatives/eelbrain/cache/trf/sub-30/subject-30_raw-0.5-20_epoch-story-segments_reference-mastoids_key-aae7a8c5b7f2916c.pickle,pass,True,,4.0,8.0,0.5,True,False,False,False,True,exclude: low score,True,True,single_predictor,gammatone-on-8,/Users/yanyuwoo/Desktop/mcmaster-project/alice-comprehension-neural-prediction/analysis/trf_pipeline/results/by_predictor/gammatone-on-8/subject_results.csv,
2026-08-24T18:48:05,sub-31,gammatone-on-8,gammatone-on-8,boosting,0.5-20,story-segments,mastoids,,-0.1,1.0,50,continuous,ok,,,,-0.0109239683045648,-0.0118092838516822,0.0205404592222392,-0.0313344241714105,0.0108280905297062,8,0.1311475409836065,50,58,61,False,"(61, 8, 56)",True,True,True,"<BoostingResult eeg ~ gammatone-on-8, -0.1 - 1, error=l1, basis=0.05, partitions=5, test=1, selective_stopping=1>",-0.0002744820968396,/Users/yanyuwoo/Data/bids/derivatives/eelbrain/cache/trf/sub-31/subject-31_raw-0.5-20_epoch-story-segments_reference-mastoids_key-5468a46d76c813c3.pickle,pass,True,,3.0,4.0,0.75,False,True,True,False,False,exclude: noise,True,False,single_predictor,gammatone-on-8,/Users/yanyuwoo/Desktop/mcmaster-project/alice-comprehension-neural-prediction/analysis/trf_pipeline/results/by_predictor/gammatone-on-8/subject_results.csv,
2026-08-24T18:48:22,sub-32,gammatone-on-8,gammatone-on-8,boosting,0.5-20,story-segments,mastoids,,-0.1,1.0,50,continuous,ok,,,,0.0369096863140757,0.0401656505735221,0.0714238909775672,-0.0128381191907417,0.0202299437272867,60,0.9836065573770492,33,57,61,False,"(61, 8, 56)",True,True,True,"<BoostingResult eeg ~ gammatone-on-8, -0.1 - 1, error=l1, basis=0.05, partitions=5, test=1, selective_stopping=1>",0.0006789798558391,/Users/yanyuwoo/Data/bids/derivatives/eelbrain/cache/trf/sub-32/subject-32_raw-0.5-20_epoch-story-segments_reference-mastoids_key-6361630107632182.pickle,pass,True,,4.0,8.0,0.5,True,False,False,False,True,exclude: low score,True,True,single_predictor,gammatone-on-8,/Users/yanyuwoo/Desktop/mcmaster-project/alice-comprehension-neural-prediction/analysis/trf_pipeline/results/by_predictor/gammatone-on-8/subject_results.csv,
2026-08-24T18:48:45,sub-33,gammatone-on-8,gammatone-on-8,boosting,0.5-20,story-segments,mastoids,,-0.1,1.0,50,continuous,ok,,,,-0.0010096087897498,-0.0016329697560196,0.0227389561170162,-0.0256926072092977,0.0099043254406637,24,0.3934426229508196,48,47,61,False,"(61, 8, 56)",True,True,True,"<BoostingResult eeg ~ gammatone-on-8, -0.1 - 1, error=l1, basis=0.05, partitions=5, test=1, selective_stopping=1>",-0.0001329835674427,/Users/yanyuwoo/Data/bids/derivatives/eelbrain/cache/trf/sub-33/subject-33_raw-0.5-20_epoch-story-segments_reference-mastoids_key-af132509293601cb.pickle,pass,True,,8.0,8.0,1.0,False,True,False,False,False,exclude: noise,True,False,single_predictor,gammatone-on-8,/Users/yanyuwoo/Desktop/mcmaster-project/alice-comprehension-neural-prediction/analysis/trf_pipeline/results/by_predictor/gammatone-on-8/subject_results.csv,
2026-08-24T18:49:02,sub-34,gammatone-on-8,gammatone-on-8,boosting,0.5-20,story-segments,mastoids,,-0.1,1.0,50,continuous,ok,,,,0.0206599572279788,0.0189475945127054,0.0541508137522968,-0.0116646271103735,0.0139120335479792,58,0.9508196721311476,4,23,61,False,"(61, 8, 56)",True,True,True,"<BoostingResult eeg ~ gammatone-on-8, -0.1 - 1, error=l1, basis=0.05, partitions=5, test=1, selective_stopping=1>",0.0004920879977028,/Users/yanyuwoo/Data/bids/derivatives/eelbrain/cache/trf/sub-34/subject-34_raw-0.5-20_epoch-story-segments_reference-mastoids_key-ca20ddcfd7285be2.pickle,pass,True,,5.0,8.0,0.625,False,False,False,False,True,use,True,True,single_predictor,gammatone-on-8,/Users/yanyuwoo/Desktop/mcmaster-project/alice-comprehension-neural-prediction/analysis/trf_pipeline/results/by_predictor/gammatone-on-8/subject_results.csv,
2026-08-24T18:49:25,sub-35,gammatone-on-8,gammatone-on-8,boosting,0.5-20,story-segments,mastoids,,-0.1,1.0,50,continuous,ok,,,,0.0059861544472436,0.0074820537172665,0.0369494039144459,-0.0482496478093796,0.0176706392542113,37,0.6065573770491803,5,61,61,False,"(61, 8, 56)",True,True,True,"<BoostingResult eeg ~ gammatone-on-8, -0.1 - 1, error=l1, basis=0.05, partitions=5, test=1, selective_stopping=1>",7.27981748997746e-05,/Users/yanyuwoo/Data/bids/derivatives/eelbrain/cache/trf/sub-35/subject-35_raw-0.5-20_epoch-story-segments_reference-mastoids_key-35a1c70d28e1b7a8.pickle,pass,True,,5.0,8.0,0.625,False,False,False,False,True,use,True,True,single_predictor,gammatone-on-8,/Users/yanyuwoo/Desktop/mcmaster-project/alice-comprehension-neural-prediction/analysis/trf_pipeline/results/by_predictor/gammatone-on-8/subject_results.csv,
2026-08-24T18:49:43,sub-36,gammatone-on-8,gammatone-on-8,boosting,0.5-20,story-segments,mastoids,,-0.1,1.0,50,continuous,ok,,,,0.0149290539135328,0.0166471914536089,0.0409420634562246,-0.0180572081959675,0.0123174248539467,51,0.8360655737704918,48,28,61,False,"(61, 8, 56)",True,True,True,"<BoostingResult eeg ~ gammatone-on-8, -0.1 - 1, error=l1, basis=0.05, partitions=5, test=1, selective_stopping=1>",0.0001424303535933,/Users/yanyuwoo/Data/bids/derivatives/eelbrain/cache/trf/sub-36/subject-36_raw-0.5-20_epoch-story-segments_reference-mastoids_key-2eb77784e61f9749.pickle,pass,True,,6.0,8.0,0.75,False,False,False,False,True,use,True,True,single_predictor,gammatone-on-8,/Users/yanyuwoo/Desktop/mcmaster-project/alice-comprehension-neural-prediction/analysis/trf_pipeline/results/by_predictor/gammatone-on-8/subject_results.csv,
2026-08-24T18:50:03,sub-37,gammatone-on-8,gammatone-on-8,boosting,0.5-20,story-segments,mastoids,,-0.1,1.0,50,continuous,ok,,,,0.0136325568406873,0.0153617221014127,0.0402059540508904,-0.0368089376286972,0.0180071577289353,46,0.7540983606557377,33,31,61,False,"(61, 8, 56)",True,True,True,"<BoostingResult eeg ~ gammatone-on-8, -0.1 - 1, error=l1, basis=0.05, partitions=5, test=1, selective_stopping=1>",0.0002120732381591,/Users/yanyuwoo/Data/bids/derivatives/eelbrain/cache/trf/sub-37/subject-37_raw-0.5-20_epoch-story-segments_reference-mastoids_key-460d263ab1f98c4e.pickle,pass,True,,8.0,8.0,1.0,False,False,False,False,True,use,True,True,single_predictor,gammatone-on-8,/Users/yanyuwoo/Desktop/mcmaster-project/alice-comprehension-neural-prediction/analysis/trf_pipeline/results/by_predictor/gammatone-on-8/subject_results.csv,
2026-08-24T18:50:23,sub-38,gammatone-on-8,gammatone-on-8,boosting,0.5-20,story-segments,mastoids,,-0.1,1.0,50,continuous,ok,,,,0.0463121495364927,0.0523301313117846,0.069497197278095,-0.0064916395028917,0.0177340869518782,60,0.9836065573770492,37,28,61,False,"(61, 8, 56)",True,True,True,"<BoostingResult eeg ~ gammatone-on-8, -0.1 - 1, error=l1, basis=0.05, partitions=5, test=1, selective_stopping=1>",0.0009468954896128,/Users/yanyuwoo/Data/bids/derivatives/eelbrain/cache/trf/sub-38/subject-38_raw-0.5-20_epoch-story-segments_reference-mastoids_key-f6cf94b8272a8b59.pickle,pass,True,,8.0,8.0,1.0,False,False,False,False,True,use,True,True,single_predictor,gammatone-on-8,/Users/yanyuwoo/Desktop/mcmaster-project/alice-comprehension-neural-prediction/analysis/trf_pipeline/results/by_predictor/gammatone-on-8/subject_results.csv,
2026-08-24T18:50:51,sub-39,gammatone-on-8,gammatone-on-8,boosting,0.5-20,story-segments,mastoids,,-0.1,1.0,50,continuous,ok,,,,0.0229313832467761,0.0214306906423293,0.048397722549731,-0.0055168989759921,0.0131188714267128,57,0.9344262295081968,18,25,61,False,"(61, 8, 56)",True,True,True,"<BoostingResult eeg ~ gammatone-on-8, -0.1 - 1, error=l1, basis=0.05, partitions=5, test=1, selective_stopping=1>",0.0002323393881786,/Users/yanyuwoo/Data/bids/derivatives/eelbrain/cache/trf/sub-39/subject-39_raw-0.5-20_epoch-story-segments_reference-mastoids_key-8fab62663a22274a.pickle,pass,True,,3.0,8.0,0.375,False,False,False,True,True,use,True,True,single_predictor,gammatone-on-8,/Users/yanyuwoo/Desktop/mcmaster-project/alice-comprehension-neural-prediction/analysis/trf_pipeline/results/by_predictor/gammatone-on-8/subject_results.csv,
2026-08-24T18:51:12,sub-40,gammatone-on-8,gammatone-on-8,boosting,0.5-20,story-segments,mastoids,,-0.1,1.0,50,continuous,ok,,,,0.0092205658741053,0.0118286825595066,0.0428863848072962,-0.0194470264658227,0.0142426358390394,46,0.7540983606557377,50,30,61,False,"(61, 8, 56)",True,True,True,"<BoostingResult eeg ~ gammatone-on-8, -0.1 - 1, error=l1, basis=0.05, partitions=5, test=1, selective_stopping=1>",9.061628760360178e-05,/Users/yanyuwoo/Data/bids/derivatives/eelbrain/cache/trf/sub-40/subject-40_raw-0.5-20_epoch-story-segments_reference-mastoids_key-60db800034207fa9.pickle,pass,True,,6.0,8.0,0.75,False,False,False,False,True,use,True,True,single_predictor,gammatone-on-8,/Users/yanyuwoo/Desktop/mcmaster-project/alice-comprehension-neural-prediction/analysis/trf_pipeline/results/by_predictor/gammatone-on-8/subject_results.csv,
2026-08-24T18:51:30,sub-41,gammatone-on-8,gammatone-on-8,boosting,0.5-20,story-segments,mastoids,,-0.1,1.0,50,continuous,ok,,,,0.0112145150326034,0.0057504770622559,0.0647528172297731,-0.031131650562337,0.0185497685185042,45,0.7377049180327869,23,27,61,False,"(61, 8, 56)",True,True,True,"<BoostingResult eeg ~ gammatone-on-8, -0.1 - 1, error=l1, basis=0.05, partitions=5, test=1, selective_stopping=1>",0.0002318196602807,/Users/yanyuwoo/Data/bids/derivatives/eelbrain/cache/trf/sub-41/subject-41_raw-0.5-20_epoch-story-segments_reference-mastoids_key-075ebc5355250f37.pickle,pass,True,,7.0,8.0,0.875,False,False,False,False,True,use,True,True,single_predictor,gammatone-on-8,/Users/yanyuwoo/Desktop/mcmaster-project/alice-comprehension-neural-prediction/analysis/trf_pipeline/results/by_predictor/gammatone-on-8/subject_results.csv,
2026-08-24T18:51:52,sub-42,gammatone-on-8,gammatone-on-8,boosting,0.5-20,story-segments,mastoids,,-0.1,1.0,50,continuous,ok,,,,0.0295116295295706,0.0333574798903985,0.0747921282092456,-0.0269958338996371,0.0261984299162914,49,0.8032786885245902,10,14,61,False,"(61, 8, 56)",True,True,True,"<BoostingResult eeg ~ gammatone-on-8, -0.1 - 1, error=l1, basis=0.05, partitions=5, test=1, selective_stopping=1>",0.0007376672872775,/Users/yanyuwoo/Data/bids/derivatives/eelbrain/cache/trf/sub-42/subject-42_raw-0.5-20_epoch-story-segments_reference-mastoids_key-833630f2303401e1.pickle,pass,True,,7.0,8.0,0.875,False,False,False,False,True,use,True,True,single_predictor,gammatone-on-8,/Users/yanyuwoo/Desktop/mcmaster-project/alice-comprehension-neural-prediction/analysis/trf_pipeline/results/by_predictor/gammatone-on-8/subject_results.csv,
2026-08-24T18:52:18,sub-43,gammatone-on-8,gammatone-on-8,boosting,0.5-20,story-segments,mastoids,,-0.1,1.0,50,continuous,ok,,,,0.0037778481894527,0.0026542870691129,0.0274234530425198,-0.0197977515077205,0.0085350863982862,38,0.6229508196721312,54,13,61,False,"(61, 8, 56)",True,True,True,"<BoostingResult eeg ~ gammatone-on-8, -0.1 - 1, error=l1, basis=0.05, partitions=5, test=1, selective_stopping=1>",0.000104377348283,/Users/yanyuwoo/Data/bids/derivatives/eelbrain/cache/trf/sub-43/subject-43_raw-0.5-20_epoch-story-segments_reference-mastoids_key-d35570c127f19340.pickle,pass,True,,2.0,8.0,0.25,True,False,False,False,True,exclude: low score,True,True,single_predictor,gammatone-on-8,/Users/yanyuwoo/Desktop/mcmaster-project/alice-comprehension-neural-prediction/analysis/trf_pipeline/results/by_predictor/gammatone-on-8/subject_results.csv,
2026-08-24T18:52:35,sub-44,gammatone-on-8,gammatone-on-8,boosting,0.5-20,story-segments,mastoids,,-0.1,1.0,50,continuous,ok,,,,0.0187974936068121,0.0180122811395669,0.0580595005350665,-0.0227775148533155,0.0165529197184628,53,0.8688524590163934,50,32,61,False,"(61, 8, 56)",True,True,True,"<BoostingResult eeg ~ gammatone-on-8, -0.1 - 1, error=l1, basis=0.05, partitions=5, test=1, selective_stopping=1>",0.0003696114128682,/Users/yanyuwoo/Data/bids/derivatives/eelbrain/cache/trf/sub-44/subject-44_raw-0.5-20_epoch-story-segments_reference-mastoids_key-34e01f17313e405f.pickle,pass,True,,7.0,8.0,0.875,False,False,False,False,True,use,True,True,single_predictor,gammatone-on-8,/Users/yanyuwoo/Desktop/mcmaster-project/alice-comprehension-neural-prediction/analysis/trf_pipeline/results/by_predictor/gammatone-on-8/subject_results.csv,
2026-08-24T18:52:58,sub-45,gammatone-on-8,gammatone-on-8,boosting,0.5-20,story-segments,mastoids,,-0.1,1.0,50,continuous,ok,,,,0.0396966426766147,0.0406768181403552,0.0822596765141156,-0.0050856007047601,0.0222897380141752,60,0.9836065573770492,36,53,61,False,"(61, 8, 56)",True,True,True,"<BoostingResult eeg ~ gammatone-on-8, -0.1 - 1, error=l1, basis=0.05, partitions=5, test=1, selective_stopping=1>",0.0009307700235257,/Users/yanyuwoo/Data/bids/derivatives/eelbrain/cache/trf/sub-45/subject-45_raw-0.5-20_epoch-story-segments_reference-mastoids_key-7da117476c5a1ef3.pickle,pass,True,,5.0,8.0,0.625,False,False,False,False,True,use,True,True,single_predictor,gammatone-on-8,/Users/yanyuwoo/Desktop/mcmaster-project/alice-comprehension-neural-prediction/analysis/trf_pipeline/results/by_predictor/gammatone-on-8/subject_results.csv,
2026-08-24T18:53:26,sub-46,gammatone-on-8,gammatone-on-8,boosting,0.5-20,story-segments,mastoids,,-0.1,1.0,50,continuous,ok,,,,-0.0102809575496653,-0.0106685983090077,0.0209492666917249,-0.0340024308663864,0.0100405724534046,8,0.1311475409836065,49,42,61,False,"(61, 8, 56)",True,True,True,"<BoostingResult eeg ~ gammatone-on-8, -0.1 - 1, error=l1, basis=0.05, partitions=5, test=1, selective_stopping=1>",-0.0001492715299208,/Users/yanyuwoo/Data/bids/derivatives/eelbrain/cache/trf/sub-46/subject-46_raw-0.5-20_epoch-story-segments_reference-mastoids_key-ca45b035e422bb95.pickle,pass,True,,3.0,8.0,0.375,True,True,False,False,False,exclude: low score & noise,True,False,single_predictor,gammatone-on-8,/Users/yanyuwoo/Desktop/mcmaster-project/alice-comprehension-neural-prediction/analysis/trf_pipeline/results/by_predictor/gammatone-on-8/subject_results.csv,
2026-08-24T18:53:43,sub-47,gammatone-on-8,gammatone-on-8,boosting,0.5-20,story-segments,mastoids,,-0.1,1.0,50,continuous,ok,,,,0.0147133295744081,0.0144491298185924,0.0443783941765191,-0.0090674786167021,0.010880972348647,57,0.9344262295081968,51,32,61,False,"(61, 8, 56)",True,True,True,"<BoostingResult eeg ~ gammatone-on-8, -0.1 - 1, error=l1, basis=0.05, partitions=5, test=1, selective_stopping=1>",0.0002233235035623,/Users/yanyuwoo/Data/bids/derivatives/eelbrain/cache/trf/sub-47/subject-47_raw-0.5-20_epoch-story-segments_reference-mastoids_key-3fa9737afe87940c.pickle,pass,True,,4.0,8.0,0.5,True,True,False,False,False,exclude: low score & noise,True,False,single_predictor,gammatone-on-8,/Users/yanyuwoo/Desktop/mcmaster-project/alice-comprehension-neural-prediction/analysis/trf_pipeline/results/by_predictor/gammatone-on-8/subject_results.csv,
2026-08-24T18:54:04,sub-48,gammatone-on-8,gammatone-on-8,boosting,0.5-20,story-segments,mastoids,,-0.1,1.0,50,continuous,ok,,,,0.0118915992012461,0.0133919187631455,0.0428536456341082,-0.01654171698747,0.0131354961233068,51,0.8360655737704918,25,22,61,False,"(61, 8, 56)",True,True,True,"<BoostingResult eeg ~ gammatone-on-8, -0.1 - 1, error=l1, basis=0.05, partitions=5, test=1, selective_stopping=1>",7.747444699480907e-05,/Users/yanyuwoo/Data/bids/derivatives/eelbrain/cache/trf/sub-48/subject-48_raw-0.5-20_epoch-story-segments_reference-mastoids_key-1584513cedda8cee.pickle,pass,True,,7.0,8.0,0.875,False,False,False,False,True,use,True,True,single_predictor,gammatone-on-8,/Users/yanyuwoo/Desktop/mcmaster-project/alice-comprehension-neural-prediction/analysis/trf_pipeline/results/by_predictor/gammatone-on-8/subject_results.csv,
2026-08-24T18:54:23,sub-49,gammatone-on-8,gammatone-on-8,boosting,0.5-20,story-segments,mastoids,,-0.1,1.0,50,continuous,ok,,,,0.0127817416849002,0.0115625654482204,0.0431119632023735,-0.0174804979451926,0.0167738907117669,47,0.7704918032786885,50,46,61,False,"(61, 8, 56)",True,True,True,"<BoostingResult eeg ~ gammatone-on-8, -0.1 - 1, error=l1, basis=0.05, partitions=5, test=1, selective_stopping=1>",7.702785062874049e-05,/Users/yanyuwoo/Data/bids/derivatives/eelbrain/cache/trf/sub-49/subject-49_raw-0.5-20_epoch-story-segments_reference-mastoids_key-64c591113d9bbf2a.pickle,pass,True,,6.0,8.0,0.75,False,True,False,False,False,exclude: noise,True,False,single_predictor,gammatone-on-8,/Users/yanyuwoo/Desktop/mcmaster-project/alice-comprehension-neural-prediction/analysis/trf_pipeline/results/by_predictor/gammatone-on-8/subject_results.csv,
2026-08-26T22:41:30,sub-01,gammatone-1-plus-gammatone-on-1,gammatone-1 + gammatone-on-1,boosting,0.5-20,story-segments,mastoids,,-0.1,1.0,50,continuous,ok,,,,0.0451712516918949,0.0449553720519629,0.1221559815998484,-0.0400414920310659,0.0445541805992679,51,0.8360655737704918,41,61,61,False,"[(61, 56), (61, 56)]",True,True,True,"<BoostingResult eeg ~ gammatone-1 + gammatone-on-1, -0.1 - 1, error=l1, basis=0.05, partitions=5, test=1, selective_stopping=1>",0.0024552735418117,/Users/yanyuwoo/Data/bids/derivatives/eelbrain/cache/trf/sub-01/subject-01_raw-0.5-20_epoch-story-segments_reference-mastoids_key-401aa9e444cc0c27.pickle,pass,True,,6.0,8.0,0.75,False,False,False,False,True,use,True,True,multi_predictor,gammatone-1 + gammatone-on-1,/Users/yanyuwoo/Desktop/mcmaster-project/alice-comprehension-neural-prediction/analysis/trf_pipeline/results/by_multi_predictor/gammatone-1-plus-gammatone-on-1/subject_results.csv,2.0
2026-08-26T22:41:39,sub-02,gammatone-1-plus-gammatone-on-1,gammatone-1 + gammatone-on-1,boosting,0.5-20,story-segments,mastoids,,-0.1,1.0,50,continuous,ok,,,,0.0518724771630201,0.0636110799091824,0.1191914495449593,-0.0442433620080146,0.043903331652739,52,0.8524590163934426,18,50,61,False,"[(61, 56), (61, 56)]",True,True,True,"<BoostingResult eeg ~ gammatone-1 + gammatone-on-1, -0.1 - 1, error=l1, basis=0.05, partitions=5, test=1, selective_stopping=1>",0.0020411478878266,/Users/yanyuwoo/Data/bids/derivatives/eelbrain/cache/trf/sub-02/subject-02_raw-0.5-20_epoch-story-segments_reference-mastoids_key-c954efedc37c66ea.pickle,pass,True,,6.0,8.0,0.75,False,True,False,False,False,exclude: noise,True,False,multi_predictor,gammatone-1 + gammatone-on-1,/Users/yanyuwoo/Desktop/mcmaster-project/alice-comprehension-neural-prediction/analysis/trf_pipeline/results/by_multi_predictor/gammatone-1-plus-gammatone-on-1/subject_results.csv,2.0
2026-08-26T22:41:46,sub-03,gammatone-1-plus-gammatone-on-1,gammatone-1 + gammatone-on-1,boosting,0.5-20,story-segments,mastoids,,-0.1,1.0,50,continuous,ok,,,,0.0377759007607986,0.0416615646600135,0.0755475480023093,-0.0329589029449682,0.0279026431326171,54,0.8852459016393442,56,25,61,False,"[(61, 56), (61, 56)]",True,True,True,"<BoostingResult eeg ~ gammatone-1 + gammatone-on-1, -0.1 - 1, error=l1, basis=0.05, partitions=5, test=1, selective_stopping=1>",0.0007631423050719,/Users/yanyuwoo/Data/bids/derivatives/eelbrain/cache/trf/sub-03/subject-03_raw-0.5-20_epoch-story-segments_reference-mastoids_key-fa4455f7e65e003c.pickle,pass,True,,6.0,8.0,0.75,False,False,False,False,True,use,True,True,multi_predictor,gammatone-1 + gammatone-on-1,/Users/yanyuwoo/Desktop/mcmaster-project/alice-comprehension-neural-prediction/analysis/trf_pipeline/results/by_multi_predictor/gammatone-1-plus-gammatone-on-1/subject_results.csv,2.0
2026-08-26T22:41:51,sub-04,gammatone-1-plus-gammatone-on-1,gammatone-1 + gammatone-on-1,boosting,0.5-20,story-segments,mastoids,,-0.1,1.0,50,continuous,ok,,,,0.0129823251979054,0.0138929118223229,0.0652138849510176,-0.0367927277384327,0.0245668373389044,36,0.5901639344262295,24,53,61,False,"[(61, 56), (61, 56)]",True,True,True,"<BoostingResult eeg ~ gammatone-1 + gammatone-on-1, -0.1 - 1, error=l1, basis=0.05, partitions=5, test=1, selective_stopping=1>",0.0002480266551641,/Users/yanyuwoo/Data/bids/derivatives/eelbrain/cache/trf/sub-04/subject-04_raw-0.5-20_epoch-story-segments_reference-mastoids_key-5ce892b8c2815f66.pickle,pass,True,,7.0,8.0,0.875,False,False,False,False,True,use,True,True,multi_predictor,gammatone-1 + gammatone-on-1,/Users/yanyuwoo/Desktop/mcmaster-project/alice-comprehension-neural-prediction/analysis/trf_pipeline/results/by_multi_predictor/gammatone-1-plus-gammatone-on-1/subject_results.csv,2.0
2026-08-26T22:41:55,sub-05,gammatone-1-plus-gammatone-on-1,gammatone-1 + gammatone-on-1,boosting,0.5-20,story-segments,mastoids,,-0.1,1.0,50,continuous,ok,,,,0.0269443381322212,0.0269090383026286,0.0753451229918948,-0.0237249145670571,0.0193893187085978,58,0.9508196721311476,50,31,61,False,"[(61, 56), (61, 56)]",True,True,True,"<BoostingResult eeg ~ gammatone-1 + gammatone-on-1, -0.1 - 1, error=l1, basis=0.05, partitions=5, test=1, selective_stopping=1>",0.0005562140008589,/Users/yanyuwoo/Data/bids/derivatives/eelbrain/cache/trf/sub-05/subject-05_raw-0.5-20_epoch-story-segments_reference-mastoids_key-5b4ed8b287633fc2.pickle,pass,True,,7.0,8.0,0.875,False,False,False,False,True,use,True,True,multi_predictor,gammatone-1 + gammatone-on-1,/Users/yanyuwoo/Desktop/mcmaster-project/alice-comprehension-neural-prediction/analysis/trf_pipeline/results/by_multi_predictor/gammatone-1-plus-gammatone-on-1/subject_results.csv,2.0
2026-08-26T22:42:00,sub-06,gammatone-1-plus-gammatone-on-1,gammatone-1 + gammatone-on-1,boosting,0.5-20,story-segments,mastoids,,-0.1,1.0,50,continuous,ok,,,,0.032148867859396,0.0343783228482799,0.1005983238092502,-0.0250911796942784,0.0258891516961299,54,0.8852459016393442,50,27,61,False,"[(61, 56), (61, 56)]",True,True,True,"<BoostingResult eeg ~ gammatone-1 + gammatone-on-1, -0.1 - 1, error=l1, basis=0.05, partitions=5, test=1, selective_stopping=1>",0.0010525337501352,/Users/yanyuwoo/Data/bids/derivatives/eelbrain/cache/trf/sub-06/subject-06_raw-0.5-20_epoch-story-segments_reference-mastoids_key-5540e4b2238f67b1.pickle,pass,True,,5.0,8.0,0.625,False,False,False,False,True,use,True,True,multi_predictor,gammatone-1 + gammatone-on-1,/Users/yanyuwoo/Desktop/mcmaster-project/alice-comprehension-neural-prediction/analysis/trf_pipeline/results/by_multi_predictor/gammatone-1-plus-gammatone-on-1/subject_results.csv,2.0
2026-08-26T22:42:06,sub-07,gammatone-1-plus-gammatone-on-1,gammatone-1 + gammatone-on-1,boosting,0.5-20,story-segments,mastoids,,-0.1,1.0,50,continuous,ok,,,,0.0510945315469161,0.0607134363627412,0.0895382409925812,-0.0105662033130913,0.0271357206452495,59,0.9672131147540984,19,30,61,False,"[(61, 56), (61, 56)]",True,True,True,"<BoostingResult eeg ~ gammatone-1 + gammatone-on-1, -0.1 - 1, error=l1, basis=0.05, partitions=5, test=1, selective_stopping=1>",0.0016302633577452,/Users/yanyuwoo/Data/bids/derivatives/eelbrain/cache/trf/sub-07/subject-07_raw-0.5-20_epoch-story-segments_reference-mastoids_key-61612937f0bfa62c.pickle,pass,True,,4.0,8.0,0.5,True,False,False,False,True,exclude: low score,True,True,multi_predictor,gammatone-1 + gammatone-on-1,/Users/yanyuwoo/Desktop/mcmaster-project/alice-comprehension-neural-prediction/analysis/trf_pipeline/results/by_multi_predictor/gammatone-1-plus-gammatone-on-1/subject_results.csv,2.0
2026-08-26T22:42:13,sub-08,gammatone-1-plus-gammatone-on-1,gammatone-1 + gammatone-on-1,boosting,0.5-20,story-segments,mastoids,,-0.1,1.0,50,continuous,ok,,,,0.0292081435751915,0.0303002126643568,0.0687006902403881,-0.0159038129352249,0.0218320750867579,52,0.8524590163934426,19,26,61,False,"[(61, 56), (61, 56)]",True,True,True,"<BoostingResult eeg ~ gammatone-1 + gammatone-on-1, -0.1 - 1, error=l1, basis=0.05, partitions=5, test=1, selective_stopping=1>",0.0008835144082757,/Users/yanyuwoo/Data/bids/derivatives/eelbrain/cache/trf/sub-08/subject-08_raw-0.5-20_epoch-story-segments_reference-mastoids_key-46705512bfe61884.pickle,pass,True,,6.0,8.0,0.75,False,False,False,False,True,use,True,True,multi_predictor,gammatone-1 + gammatone-on-1,/Users/yanyuwoo/Desktop/mcmaster-project/alice-comprehension-neural-prediction/analysis/trf_pipeline/results/by_multi_predictor/gammatone-1-plus-gammatone-on-1/subject_results.csv,2.0
2026-08-26T22:42:18,sub-09,gammatone-1-plus-gammatone-on-1,gammatone-1 + gammatone-on-1,boosting,0.5-20,story-segments,mastoids,,-0.1,1.0,50,continuous,ok,,,,0.0449102833472498,0.0473840580115503,0.0973547758706402,-0.0149502834727722,0.0282726706558521,57,0.9344262295081968,11,46,61,False,"[(61, 56), (61, 56)]",True,True,True,"<BoostingResult eeg ~ gammatone-1 + gammatone-on-1, -0.1 - 1, error=l1, basis=0.05, partitions=5, test=1, selective_stopping=1>",0.0013734859078834,/Users/yanyuwoo/Data/bids/derivatives/eelbrain/cache/trf/sub-09/subject-09_raw-0.5-20_epoch-story-segments_reference-mastoids_key-78a0af2cecbf6a3f.pickle,fail,False,audio_alignment_failed,2.0,8.0,0.25,True,False,False,False,True,exclude: low score,False,False,multi_predictor,gammatone-1 + gammatone-on-1,/Users/yanyuwoo/Desktop/mcmaster-project/alice-comprehension-neural-prediction/analysis/trf_pipeline/results/by_multi_predictor/gammatone-1-plus-gammatone-on-1/subject_results.csv,2.0
2026-08-26T22:42:25,sub-10,gammatone-1-plus-gammatone-on-1,gammatone-1 + gammatone-on-1,boosting,0.5-20,story-segments,mastoids,,-0.1,1.0,50,continuous,ok,,,,0.0168356587681752,0.0130789563941998,0.1006416436923185,-0.0327159263322554,0.0277480179777473,45,0.7377049180327869,51,17,61,False,"[(61, 56), (61, 56)]",True,True,True,"<BoostingResult eeg ~ gammatone-1 + gammatone-on-1, -0.1 - 1, error=l1, basis=0.05, partitions=5, test=1, selective_stopping=1>",0.0005035002591191,/Users/yanyuwoo/Data/bids/derivatives/eelbrain/cache/trf/sub-10/subject-10_raw-0.5-20_epoch-story-segments_reference-mastoids_key-e49937df70ea5637.pickle,pass,True,,5.0,8.0,0.625,False,False,False,False,True,use,True,True,multi_predictor,gammatone-1 + gammatone-on-1,/Users/yanyuwoo/Desktop/mcmaster-project/alice-comprehension-neural-prediction/analysis/trf_pipeline/results/by_multi_predictor/gammatone-1-plus-gammatone-on-1/subject_results.csv,2.0
2026-08-26T22:42:29,sub-11,gammatone-1-plus-gammatone-on-1,gammatone-1 + gammatone-on-1,boosting,0.5-20,story-segments,mastoids,,-0.1,1.0,50,continuous,ok,,,,0.0082035845450149,0.0102070058178738,0.0452994852751273,-0.0566518211198389,0.0228183718182891,39,0.639344262295082,32,25,61,False,"[(61, 56), (61, 56)]",True,True,True,"<BoostingResult eeg ~ gammatone-1 + gammatone-on-1, -0.1 - 1, error=l1, basis=0.05, partitions=5, test=1, selective_stopping=1>",6.1026176651663696e-05,/Users/yanyuwoo/Data/bids/derivatives/eelbrain/cache/trf/sub-11/subject-11_raw-0.5-20_epoch-story-segments_reference-mastoids_key-2b65151d9832ee63.pickle,pass,True,,6.0,8.0,0.75,False,False,False,False,True,use,True,True,multi_predictor,gammatone-1 + gammatone-on-1,/Users/yanyuwoo/Desktop/mcmaster-project/alice-comprehension-neural-prediction/analysis/trf_pipeline/results/by_multi_predictor/gammatone-1-plus-gammatone-on-1/subject_results.csv,2.0
2026-08-26T22:42:33,sub-12,gammatone-1-plus-gammatone-on-1,gammatone-1 + gammatone-on-1,boosting,0.5-20,story-segments,mastoids,,-0.1,1.0,50,continuous,ok,,,,0.0322104071405187,0.0355590634795736,0.0737581214275039,-0.0137606048624756,0.0184684912403138,56,0.918032786885246,49,30,61,False,"[(61, 56), (61, 56)]",True,True,True,"<BoostingResult eeg ~ gammatone-1 + gammatone-on-1, -0.1 - 1, error=l1, basis=0.05, partitions=5, test=1, selective_stopping=1>",0.0006969084650956,/Users/yanyuwoo/Data/bids/derivatives/eelbrain/cache/trf/sub-12/subject-12_raw-0.5-20_epoch-story-segments_reference-mastoids_key-21d09a3f5d30692f.pickle,pass,True,,6.0,8.0,0.75,False,False,False,False,True,use,True,True,multi_predictor,gammatone-1 + gammatone-on-1,/Users/yanyuwoo/Desktop/mcmaster-project/alice-comprehension-neural-prediction/analysis/trf_pipeline/results/by_multi_predictor/gammatone-1-plus-gammatone-on-1/subject_results.csv,2.0
2026-08-26T22:42:38,sub-13,gammatone-1-plus-gammatone-on-1,gammatone-1 + gammatone-on-1,boosting,0.5-20,story-segments,mastoids,,-0.1,1.0,50,continuous,ok,,,,0.0762843864936155,0.0732277343553045,0.1914465449969715,-0.0186178292862352,0.0632202993531816,49,0.8032786885245902,44,54,61,False,"[(61, 56), (61, 56)]",True,True,True,"<BoostingResult eeg ~ gammatone-1 + gammatone-on-1, -0.1 - 1, error=l1, basis=0.05, partitions=5, test=1, selective_stopping=1>",0.0067101334693799,/Users/yanyuwoo/Data/bids/derivatives/eelbrain/cache/trf/sub-13/subject-13_raw-0.5-20_epoch-story-segments_reference-mastoids_key-15a0e651e6146629.pickle,pass,True,,8.0,8.0,1.0,False,False,False,False,True,use,True,True,multi_predictor,gammatone-1 + gammatone-on-1,/Users/yanyuwoo/Desktop/mcmaster-project/alice-comprehension-neural-prediction/analysis/trf_pipeline/results/by_multi_predictor/gammatone-1-plus-gammatone-on-1/subject_results.csv,2.0
2026-08-26T22:42:49,sub-14,gammatone-1-plus-gammatone-on-1,gammatone-1 + gammatone-on-1,boosting,0.5-20,story-segments,mastoids,,-0.1,1.0,50,continuous,ok,,,,0.0886772088970564,0.095680421908432,0.1593146229691538,-0.0013267781345861,0.0447709463005629,60,0.9836065573770492,59,56,61,False,"[(61, 56), (61, 56)]",True,True,True,"<BoostingResult eeg ~ gammatone-1 + gammatone-on-1, -0.1 - 1, error=l1, basis=0.05, partitions=5, test=1, selective_stopping=1>",0.0052978691583184,/Users/yanyuwoo/Data/bids/derivatives/eelbrain/cache/trf/sub-14/subject-14_raw-0.5-20_epoch-story-segments_reference-mastoids_key-49787d8231083dd7.pickle,pass,True,,4.0,4.0,1.0,False,False,True,False,True,use,True,True,multi_predictor,gammatone-1 + gammatone-on-1,/Users/yanyuwoo/Desktop/mcmaster-project/alice-comprehension-neural-prediction/analysis/trf_pipeline/results/by_multi_predictor/gammatone-1-plus-gammatone-on-1/subject_results.csv,2.0
2026-08-26T22:43:01,sub-15,gammatone-1-plus-gammatone-on-1,gammatone-1 + gammatone-on-1,boosting,0.5-20,story-segments,mastoids,,-0.1,1.0,50,continuous,ok,,,,0.0616091013369377,0.0663600654202706,0.1352186898747465,-0.031365510409462,0.0446278926569202,54,0.8852459016393442,58,53,61,False,"[(61, 56), (61, 56)]",True,True,True,"<BoostingResult eeg ~ gammatone-1 + gammatone-on-1, -0.1 - 1, error=l1, basis=0.05, partitions=5, test=1, selective_stopping=1>",0.0035715280241872,/Users/yanyuwoo/Data/bids/derivatives/eelbrain/cache/trf/sub-15/subject-15_raw-0.5-20_epoch-story-segments_reference-mastoids_key-dc72c13a01a85a01.pickle,pass,True,,4.0,4.0,1.0,False,False,True,False,True,use,True,True,multi_predictor,gammatone-1 + gammatone-on-1,/Users/yanyuwoo/Desktop/mcmaster-project/alice-comprehension-neural-prediction/analysis/trf_pipeline/results/by_multi_predictor/gammatone-1-plus-gammatone-on-1/subject_results.csv,2.0
2026-08-26T22:43:09,sub-16,gammatone-1-plus-gammatone-on-1,gammatone-1 + gammatone-on-1,boosting,0.5-20,story-segments,mastoids,,-0.1,1.0,50,continuous,ok,,,,0.0554120276418013,0.0561783478132916,0.1273995454967529,-0.0076904333160605,0.0418345985941251,55,0.9016393442622952,34,13,61,False,"[(61, 56), (61, 56)]",True,True,True,"<BoostingResult eeg ~ gammatone-1 + gammatone-on-1, -0.1 - 1, error=l1, basis=0.05, partitions=5, test=1, selective_stopping=1>",0.0026001347405811,/Users/yanyuwoo/Data/bids/derivatives/eelbrain/cache/trf/sub-16/subject-16_raw-0.5-20_epoch-story-segments_reference-mastoids_key-6bec71123e047ae2.pickle,fail,False,audio_alignment_failed,6.0,8.0,0.75,False,False,False,False,True,use,False,False,multi_predictor,gammatone-1 + gammatone-on-1,/Users/yanyuwoo/Desktop/mcmaster-project/alice-comprehension-neural-prediction/analysis/trf_pipeline/results/by_multi_predictor/gammatone-1-plus-gammatone-on-1/subject_results.csv,2.0
2026-08-26T22:43:16,sub-17,gammatone-1-plus-gammatone-on-1,gammatone-1 + gammatone-on-1,boosting,0.5-20,story-segments,mastoids,,-0.1,1.0,50,continuous,ok,,,,0.0555272011226041,0.0539884806467713,0.1136764705020132,-0.0178545219909029,0.0320875722074246,59,0.9672131147540984,60,41,61,False,"[(61, 56), (61, 56)]",True,True,True,"<BoostingResult eeg ~ gammatone-1 + gammatone-on-1, -0.1 - 1, error=l1, basis=0.05, partitions=5, test=1, selective_stopping=1>",0.0017442527217448,/Users/yanyuwoo/Data/bids/derivatives/eelbrain/cache/trf/sub-17/subject-17_raw-0.5-20_epoch-story-segments_reference-mastoids_key-4348f45caddf2b5c.pickle,pass,True,,6.0,8.0,0.75,False,False,False,False,True,use,True,True,multi_predictor,gammatone-1 + gammatone-on-1,/Users/yanyuwoo/Desktop/mcmaster-project/alice-comprehension-neural-prediction/analysis/trf_pipeline/results/by_multi_predictor/gammatone-1-plus-gammatone-on-1/subject_results.csv,2.0
2026-08-26T22:43:23,sub-18,gammatone-1-plus-gammatone-on-1,gammatone-1 + gammatone-on-1,boosting,0.5-20,story-segments,mastoids,,-0.1,1.0,50,continuous,ok,,,,0.0523031132453596,0.0560482573459894,0.088365102584561,-0.0161607937719688,0.0260515916855356,59,0.9672131147540984,5,26,61,False,"[(61, 56), (61, 56)]",True,True,True,"<BoostingResult eeg ~ gammatone-1 + gammatone-on-1, -0.1 - 1, error=l1, basis=0.05, partitions=5, test=1, selective_stopping=1>",0.0015528633262603,/Users/yanyuwoo/Data/bids/derivatives/eelbrain/cache/trf/sub-18/subject-18_raw-0.5-20_epoch-story-segments_reference-mastoids_key-57e8a82a048f3134.pickle,pass,True,,7.0,8.0,0.875,False,False,False,False,True,use,True,True,multi_predictor,gammatone-1 + gammatone-on-1,/Users/yanyuwoo/Desktop/mcmaster-project/alice-comprehension-neural-prediction/analysis/trf_pipeline/results/by_multi_predictor/gammatone-1-plus-gammatone-on-1/subject_results.csv,2.0
2026-08-26T22:43:30,sub-19,gammatone-1-plus-gammatone-on-1,gammatone-1 + gammatone-on-1,boosting,0.5-20,story-segments,mastoids,,-0.1,1.0,50,continuous,ok,,,,0.032007883544079,0.0312380923100359,0.0687117922405144,-0.0198302118589396,0.0226574366772445,53,0.8688524590163934,33,32,61,False,"[(61, 56), (61, 56)]",True,True,True,"<BoostingResult eeg ~ gammatone-1 + gammatone-on-1, -0.1 - 1, error=l1, basis=0.05, partitions=5, test=1, selective_stopping=1>",0.0010158560382294,/Users/yanyuwoo/Data/bids/derivatives/eelbrain/cache/trf/sub-19/subject-19_raw-0.5-20_epoch-story-segments_reference-mastoids_key-87bb59a8c6d925e9.pickle,pass,True,,8.0,8.0,1.0,False,False,False,False,True,use,True,True,multi_predictor,gammatone-1 + gammatone-on-1,/Users/yanyuwoo/Desktop/mcmaster-project/alice-comprehension-neural-prediction/analysis/trf_pipeline/results/by_multi_predictor/gammatone-1-plus-gammatone-on-1/subject_results.csv,2.0
2026-08-26T22:43:35,sub-20,gammatone-1-plus-gammatone-on-1,gammatone-1 + gammatone-on-1,boosting,0.5-20,story-segments,mastoids,,-0.1,1.0,50,continuous,ok,,,,0.0180240677150991,0.0158830867894783,0.0991523319315242,-0.0166557222897257,0.0211140891539372,48,0.7868852459016393,50,32,61,False,"[(61, 56), (61, 56)]",True,True,True,"<BoostingResult eeg ~ gammatone-1 + gammatone-on-1, -0.1 - 1, error=l1, basis=0.05, partitions=5, test=1, selective_stopping=1>",0.0003216905959602,/Users/yanyuwoo/Data/bids/derivatives/eelbrain/cache/trf/sub-20/subject-20_raw-0.5-20_epoch-story-segments_reference-mastoids_key-595139dfaf73bcd5.pickle,pass,True,,5.0,8.0,0.625,False,False,False,False,True,use,True,True,multi_predictor,gammatone-1 + gammatone-on-1,/Users/yanyuwoo/Desktop/mcmaster-project/alice-comprehension-neural-prediction/analysis/trf_pipeline/results/by_multi_predictor/gammatone-1-plus-gammatone-on-1/subject_results.csv,2.0
2026-08-26T22:43:39,sub-21,gammatone-1-plus-gammatone-on-1,gammatone-1 + gammatone-on-1,boosting,0.5-20,story-segments,mastoids,,-0.1,1.0,50,continuous,ok,,,,0.0299829390723796,0.0281561006565631,0.0693316313368528,-0.0042441811340595,0.0201663288584291,57,0.9344262295081968,20,55,61,False,"[(61, 56), (61, 56)]",True,True,True,"<BoostingResult eeg ~ gammatone-1 + gammatone-on-1, -0.1 - 1, error=l1, basis=0.05, partitions=5, test=1, selective_stopping=1>",0.0011195137923579,/Users/yanyuwoo/Data/bids/derivatives/eelbrain/cache/trf/sub-21/subject-21_raw-0.5-20_epoch-story-segments_reference-mastoids_key-db72f819a0dc245a.pickle,pass,True,,,,,False,False,False,False,False,use,False,False,multi_predictor,gammatone-1 + gammatone-on-1,/Users/yanyuwoo/Desktop/mcmaster-project/alice-comprehension-neural-prediction/analysis/trf_pipeline/results/by_multi_predictor/gammatone-1-plus-gammatone-on-1/subject_results.csv,2.0
2026-08-26T22:43:45,sub-22,gammatone-1-plus-gammatone-on-1,gammatone-1 + gammatone-on-1,boosting,0.5-20,story-segments,mastoids,,-0.1,1.0,50,continuous,ok,,,,0.0049627825743255,0.0044136043748349,0.0683526863468937,-0.0441721425698982,0.0252530430216481,38,0.6229508196721312,49,18,61,False,"[(61, 56), (61, 56)]",True,True,True,"<BoostingResult eeg ~ gammatone-1 + gammatone-on-1, -0.1 - 1, error=l1, basis=0.05, partitions=5, test=1, selective_stopping=1>",8.510910223943219e-05,/Users/yanyuwoo/Data/bids/derivatives/eelbrain/cache/trf/sub-22/subject-22_raw-0.5-20_epoch-story-segments_reference-mastoids_key-9c1201b80591fd76.pickle,pass,True,,6.0,8.0,0.75,False,False,False,False,True,use,True,True,multi_predictor,gammatone-1 + gammatone-on-1,/Users/yanyuwoo/Desktop/mcmaster-project/alice-comprehension-neural-prediction/analysis/trf_pipeline/results/by_multi_predictor/gammatone-1-plus-gammatone-on-1/subject_results.csv,2.0
2026-08-26T22:43:49,sub-23,gammatone-1-plus-gammatone-on-1,gammatone-1 + gammatone-on-1,boosting,0.5-20,story-segments,mastoids,,-0.1,1.0,50,continuous,ok,,,,0.0176193911030378,0.0169411261820667,0.0812467629141525,-0.0187894846016357,0.0173592566296377,52,0.8524590163934426,32,55,61,False,"[(61, 56), (61, 56)]",True,True,True,"<BoostingResult eeg ~ gammatone-1 + gammatone-on-1, -0.1 - 1, error=l1, basis=0.05, partitions=5, test=1, selective_stopping=1>",0.0001294947080174,/Users/yanyuwoo/Data/bids/derivatives/eelbrain/cache/trf/sub-23/subject-23_raw-0.5-20_epoch-story-segments_reference-mastoids_key-b8356e3c66f9d94f.pickle,pass,True,,3.0,8.0,0.375,True,False,False,False,True,exclude: low score,True,True,multi_predictor,gammatone-1 + gammatone-on-1,/Users/yanyuwoo/Desktop/mcmaster-project/alice-comprehension-neural-prediction/analysis/trf_pipeline/results/by_multi_predictor/gammatone-1-plus-gammatone-on-1/subject_results.csv,2.0
2026-08-26T22:43:53,sub-24,gammatone-1-plus-gammatone-on-1,gammatone-1 + gammatone-on-1,boosting,0.5-20,story-segments,mastoids,,-0.1,1.0,50,continuous,ok,,,,0.0121448405397469,0.0162109971145635,0.0567073884393466,-0.0429534280943669,0.0268590213999435,43,0.7049180327868853,11,31,61,False,"[(61, 56), (61, 56)]",True,True,True,"<BoostingResult eeg ~ gammatone-1 + gammatone-on-1, -0.1 - 1, error=l1, basis=0.05, partitions=5, test=1, selective_stopping=1>",0.0001975267354972,/Users/yanyuwoo/Data/bids/derivatives/eelbrain/cache/trf/sub-24/subject-24_raw-0.5-20_epoch-story-segments_reference-mastoids_key-92abf76fd213cdff.pickle,pass,True,,4.0,8.0,0.5,True,False,False,False,True,exclude: low score,True,True,multi_predictor,gammatone-1 + gammatone-on-1,/Users/yanyuwoo/Desktop/mcmaster-project/alice-comprehension-neural-prediction/analysis/trf_pipeline/results/by_multi_predictor/gammatone-1-plus-gammatone-on-1/subject_results.csv,2.0
2026-08-26T22:43:57,sub-25,gammatone-1-plus-gammatone-on-1,gammatone-1 + gammatone-on-1,boosting,0.5-20,story-segments,mastoids,,-0.1,1.0,50,continuous,ok,,,,0.0286486606268061,0.0296102891477291,0.0644061710668763,-0.0284121550709551,0.0218173040651841,54,0.8852459016393442,9,23,61,False,"[(61, 56), (61, 56)]",True,True,True,"<BoostingResult eeg ~ gammatone-1 + gammatone-on-1, -0.1 - 1, error=l1, basis=0.05, partitions=5, test=1, selective_stopping=1>",0.0006302135620609,/Users/yanyuwoo/Data/bids/derivatives/eelbrain/cache/trf/sub-25/subject-25_raw-0.5-20_epoch-story-segments_reference-mastoids_key-0c6eecb88d5ce48b.pickle,pass,True,,5.0,8.0,0.625,False,False,False,False,True,use,True,True,multi_predictor,gammatone-1 + gammatone-on-1,/Users/yanyuwoo/Desktop/mcmaster-project/alice-comprehension-neural-prediction/analysis/trf_pipeline/results/by_multi_predictor/gammatone-1-plus-gammatone-on-1/subject_results.csv,2.0
2026-08-26T22:44:01,sub-26,gammatone-1-plus-gammatone-on-1,gammatone-1 + gammatone-on-1,boosting,0.5-20,story-segments,mastoids,,-0.1,1.0,50,continuous,ok,,,,0.0266106065095204,0.0298553896047204,0.0656972034357624,-0.0253002977242764,0.0215649171238552,54,0.8852459016393442,9,53,61,False,"[(61, 56), (61, 56)]",True,True,True,"<BoostingResult eeg ~ gammatone-1 + gammatone-on-1, -0.1 - 1, error=l1, basis=0.05, partitions=5, test=1, selective_stopping=1>",0.0011532548270875,/Users/yanyuwoo/Data/bids/derivatives/eelbrain/cache/trf/sub-26/subject-26_raw-0.5-20_epoch-story-segments_reference-mastoids_key-9b41af200b05e105.pickle,pass,True,,6.0,8.0,0.75,False,False,False,False,True,use,True,True,multi_predictor,gammatone-1 + gammatone-on-1,/Users/yanyuwoo/Desktop/mcmaster-project/alice-comprehension-neural-prediction/analysis/trf_pipeline/results/by_multi_predictor/gammatone-1-plus-gammatone-on-1/subject_results.csv,2.0
2026-08-26T22:44:07,sub-27,gammatone-1-plus-gammatone-on-1,gammatone-1 + gammatone-on-1,boosting,0.5-20,story-segments,mastoids,,-0.1,1.0,50,continuous,ok,,,,0.0355540802028421,0.038719157589985,0.0676662531710475,-0.0152645326796383,0.0221831514505059,55,0.9016393442622952,44,54,61,False,"[(61, 56), (61, 56)]",True,True,True,"<BoostingResult eeg ~ gammatone-1 + gammatone-on-1, -0.1 - 1, error=l1, basis=0.05, partitions=5, test=1, selective_stopping=1>",0.0007795758226022,/Users/yanyuwoo/Data/bids/derivatives/eelbrain/cache/trf/sub-27/subject-27_raw-0.5-20_epoch-story-segments_reference-mastoids_key-7383d7bc82c90b18.pickle,pass,True,,4.0,8.0,0.5,True,False,False,False,True,exclude: low score,True,True,multi_predictor,gammatone-1 + gammatone-on-1,/Users/yanyuwoo/Desktop/mcmaster-project/alice-comprehension-neural-prediction/analysis/trf_pipeline/results/by_multi_predictor/gammatone-1-plus-gammatone-on-1/subject_results.csv,2.0
2026-08-26T22:44:12,sub-28,gammatone-1-plus-gammatone-on-1,gammatone-1 + gammatone-on-1,boosting,0.5-20,story-segments,mastoids,,-0.1,1.0,50,continuous,ok,,,,0.0544545070230481,0.0647516767107424,0.1061841595376286,-0.0296330261950966,0.0348651209510223,56,0.918032786885246,36,55,61,False,"[(61, 56), (61, 56)]",True,True,True,"<BoostingResult eeg ~ gammatone-1 + gammatone-on-1, -0.1 - 1, error=l1, basis=0.05, partitions=5, test=1, selective_stopping=1>",0.0020445608955088,/Users/yanyuwoo/Data/bids/derivatives/eelbrain/cache/trf/sub-28/subject-28_raw-0.5-20_epoch-story-segments_reference-mastoids_key-5c3895368546fb53.pickle,pass,True,,7.0,8.0,0.875,False,True,False,False,False,exclude: noise,True,False,multi_predictor,gammatone-1 + gammatone-on-1,/Users/yanyuwoo/Desktop/mcmaster-project/alice-comprehension-neural-prediction/analysis/trf_pipeline/results/by_multi_predictor/gammatone-1-plus-gammatone-on-1/subject_results.csv,2.0
2026-08-26T22:44:18,sub-29,gammatone-1-plus-gammatone-on-1,gammatone-1 + gammatone-on-1,boosting,0.5-20,story-segments,mastoids,,-0.1,1.0,50,continuous,ok,,,,0.0042285675011214,0.0044639426030728,0.0433986093376864,-0.049108489617735,0.0184904387363367,35,0.5737704918032787,39,52,61,False,"[(61, 56), (61, 56)]",True,True,True,"<BoostingResult eeg ~ gammatone-1 + gammatone-on-1, -0.1 - 1, error=l1, basis=0.05, partitions=5, test=1, selective_stopping=1>",-3.01682834885958e-05,/Users/yanyuwoo/Data/bids/derivatives/eelbrain/cache/trf/sub-29/subject-29_raw-0.5-20_epoch-story-segments_reference-mastoids_key-9528f0dc72072394.pickle,pass,True,,6.0,8.0,0.75,False,True,False,False,False,exclude: noise,True,False,multi_predictor,gammatone-1 + gammatone-on-1,/Users/yanyuwoo/Desktop/mcmaster-project/alice-comprehension-neural-prediction/analysis/trf_pipeline/results/by_multi_predictor/gammatone-1-plus-gammatone-on-1/subject_results.csv,2.0
2026-08-26T22:44:22,sub-30,gammatone-1-plus-gammatone-on-1,gammatone-1 + gammatone-on-1,boosting,0.5-20,story-segments,mastoids,,-0.1,1.0,50,continuous,ok,,,,0.0110328184461846,0.0145573272030139,0.0350771790147842,-0.0342132952684529,0.0139777698240159,47,0.7704918032786885,24,26,61,False,"[(61, 56), (61, 56)]",True,True,True,"<BoostingResult eeg ~ gammatone-1 + gammatone-on-1, -0.1 - 1, error=l1, basis=0.05, partitions=5, test=1, selective_stopping=1>",0.0002621238765654,/Users/yanyuwoo/Data/bids/derivatives/eelbrain/cache/trf/sub-30/subject-30_raw-0.5-20_epoch-story-segments_reference-mastoids_key-0f70814cfafaf219.pickle,pass,True,,4.0,8.0,0.5,True,False,False,False,True,exclude: low score,True,True,multi_predictor,gammatone-1 + gammatone-on-1,/Users/yanyuwoo/Desktop/mcmaster-project/alice-comprehension-neural-prediction/analysis/trf_pipeline/results/by_multi_predictor/gammatone-1-plus-gammatone-on-1/subject_results.csv,2.0
2026-08-26T22:44:26,sub-31,gammatone-1-plus-gammatone-on-1,gammatone-1 + gammatone-on-1,boosting,0.5-20,story-segments,mastoids,,-0.1,1.0,50,continuous,ok,,,,-0.0081240236019917,-0.0079696174730722,0.04121315383321,-0.042269375720445,0.0144785476797139,14,0.2295081967213114,13,23,61,False,"[(61, 56), (61, 56)]",True,True,True,"<BoostingResult eeg ~ gammatone-1 + gammatone-on-1, -0.1 - 1, error=l1, basis=0.05, partitions=5, test=1, selective_stopping=1>",-0.0003083268919861,/Users/yanyuwoo/Data/bids/derivatives/eelbrain/cache/trf/sub-31/subject-31_raw-0.5-20_epoch-story-segments_reference-mastoids_key-cb8c00298be41c44.pickle,pass,True,,3.0,4.0,0.75,False,True,True,False,False,exclude: noise,True,False,multi_predictor,gammatone-1 + gammatone-on-1,/Users/yanyuwoo/Desktop/mcmaster-project/alice-comprehension-neural-prediction/analysis/trf_pipeline/results/by_multi_predictor/gammatone-1-plus-gammatone-on-1/subject_results.csv,2.0
2026-08-26T22:44:29,sub-32,gammatone-1-plus-gammatone-on-1,gammatone-1 + gammatone-on-1,boosting,0.5-20,story-segments,mastoids,,-0.1,1.0,50,continuous,ok,,,,0.0655052216066661,0.0680699439105952,0.1093862308329449,-0.0236158363580821,0.028706170716488,58,0.9508196721311476,3,25,61,False,"[(61, 56), (61, 56)]",True,True,True,"<BoostingResult eeg ~ gammatone-1 + gammatone-on-1, -0.1 - 1, error=l1, basis=0.05, partitions=5, test=1, selective_stopping=1>",0.001957832903845,/Users/yanyuwoo/Data/bids/derivatives/eelbrain/cache/trf/sub-32/subject-32_raw-0.5-20_epoch-story-segments_reference-mastoids_key-f7105267ffd5c01a.pickle,pass,True,,4.0,8.0,0.5,True,False,False,False,True,exclude: low score,True,True,multi_predictor,gammatone-1 + gammatone-on-1,/Users/yanyuwoo/Desktop/mcmaster-project/alice-comprehension-neural-prediction/analysis/trf_pipeline/results/by_multi_predictor/gammatone-1-plus-gammatone-on-1/subject_results.csv,2.0
2026-08-26T22:44:36,sub-33,gammatone-1-plus-gammatone-on-1,gammatone-1 + gammatone-on-1,boosting,0.5-20,story-segments,mastoids,,-0.1,1.0,50,continuous,ok,,,,-0.0053733935142604,-0.009648213233323,0.0420850973494529,-0.0415182987756235,0.0186753626510431,20,0.3278688524590163,49,25,61,False,"[(61, 56), (61, 56)]",True,True,True,"<BoostingResult eeg ~ gammatone-1 + gammatone-on-1, -0.1 - 1, error=l1, basis=0.05, partitions=5, test=1, selective_stopping=1>",-0.0001299640860828,/Users/yanyuwoo/Data/bids/derivatives/eelbrain/cache/trf/sub-33/subject-33_raw-0.5-20_epoch-story-segments_reference-mastoids_key-9c5935465f461037.pickle,pass,True,,8.0,8.0,1.0,False,True,False,False,False,exclude: noise,True,False,multi_predictor,gammatone-1 + gammatone-on-1,/Users/yanyuwoo/Desktop/mcmaster-project/alice-comprehension-neural-prediction/analysis/trf_pipeline/results/by_multi_predictor/gammatone-1-plus-gammatone-on-1/subject_results.csv,2.0
2026-08-26T22:44:40,sub-34,gammatone-1-plus-gammatone-on-1,gammatone-1 + gammatone-on-1,boosting,0.5-20,story-segments,mastoids,,-0.1,1.0,50,continuous,ok,,,,0.02187488652407,0.0231594869389932,0.0625937640459809,-0.0463491007476111,0.0219941244431234,51,0.8360655737704918,33,55,61,False,"[(61, 56), (61, 56)]",True,True,True,"<BoostingResult eeg ~ gammatone-1 + gammatone-on-1, -0.1 - 1, error=l1, basis=0.05, partitions=5, test=1, selective_stopping=1>",0.0007349072485586,/Users/yanyuwoo/Data/bids/derivatives/eelbrain/cache/trf/sub-34/subject-34_raw-0.5-20_epoch-story-segments_reference-mastoids_key-09e24c6eaf13d86d.pickle,pass,True,,5.0,8.0,0.625,False,False,False,False,True,use,True,True,multi_predictor,gammatone-1 + gammatone-on-1,/Users/yanyuwoo/Desktop/mcmaster-project/alice-comprehension-neural-prediction/analysis/trf_pipeline/results/by_multi_predictor/gammatone-1-plus-gammatone-on-1/subject_results.csv,2.0
2026-08-26T22:44:44,sub-35,gammatone-1-plus-gammatone-on-1,gammatone-1 + gammatone-on-1,boosting,0.5-20,story-segments,mastoids,,-0.1,1.0,50,continuous,ok,,,,0.0302250135477871,0.0323010912734216,0.0821588756145866,-0.0410764367723354,0.0300475372877277,49,0.8032786885245902,4,61,61,False,"[(61, 56), (61, 56)]",True,True,True,"<BoostingResult eeg ~ gammatone-1 + gammatone-on-1, -0.1 - 1, error=l1, basis=0.05, partitions=5, test=1, selective_stopping=1>",0.0010838535258843,/Users/yanyuwoo/Data/bids/derivatives/eelbrain/cache/trf/sub-35/subject-35_raw-0.5-20_epoch-story-segments_reference-mastoids_key-68e0e409f3a27e35.pickle,pass,True,,5.0,8.0,0.625,False,False,False,False,True,use,True,True,multi_predictor,gammatone-1 + gammatone-on-1,/Users/yanyuwoo/Desktop/mcmaster-project/alice-comprehension-neural-prediction/analysis/trf_pipeline/results/by_multi_predictor/gammatone-1-plus-gammatone-on-1/subject_results.csv,2.0
2026-08-26T22:44:50,sub-36,gammatone-1-plus-gammatone-on-1,gammatone-1 + gammatone-on-1,boosting,0.5-20,story-segments,mastoids,,-0.1,1.0,50,continuous,ok,,,,0.0302807430883163,0.0334574512512435,0.0592603815820394,-0.0264415404265507,0.0154225055209733,59,0.9672131147540984,37,28,61,False,"[(61, 56), (61, 56)]",True,True,True,"<BoostingResult eeg ~ gammatone-1 + gammatone-on-1, -0.1 - 1, error=l1, basis=0.05, partitions=5, test=1, selective_stopping=1>",0.000781094772281,/Users/yanyuwoo/Data/bids/derivatives/eelbrain/cache/trf/sub-36/subject-36_raw-0.5-20_epoch-story-segments_reference-mastoids_key-78689dca76010c8e.pickle,pass,True,,6.0,8.0,0.75,False,False,False,False,True,use,True,True,multi_predictor,gammatone-1 + gammatone-on-1,/Users/yanyuwoo/Desktop/mcmaster-project/alice-comprehension-neural-prediction/analysis/trf_pipeline/results/by_multi_predictor/gammatone-1-plus-gammatone-on-1/subject_results.csv,2.0
2026-08-26T22:44:54,sub-37,gammatone-1-plus-gammatone-on-1,gammatone-1 + gammatone-on-1,boosting,0.5-20,story-segments,mastoids,,-0.1,1.0,50,continuous,ok,,,,0.0186904279936411,0.0212814370992277,0.0688961251217157,-0.0519428551067609,0.029054976580504,44,0.7213114754098361,14,31,61,False,"[(61, 56), (61, 56)]",True,True,True,"<BoostingResult eeg ~ gammatone-1 + gammatone-on-1, -0.1 - 1, error=l1, basis=0.05, partitions=5, test=1, selective_stopping=1>",0.0003948419703573,/Users/yanyuwoo/Data/bids/derivatives/eelbrain/cache/trf/sub-37/subject-37_raw-0.5-20_epoch-story-segments_reference-mastoids_key-d2ece51378e347db.pickle,pass,True,,8.0,8.0,1.0,False,False,False,False,True,use,True,True,multi_predictor,gammatone-1 + gammatone-on-1,/Users/yanyuwoo/Desktop/mcmaster-project/alice-comprehension-neural-prediction/analysis/trf_pipeline/results/by_multi_predictor/gammatone-1-plus-gammatone-on-1/subject_results.csv,2.0
2026-08-26T22:44:59,sub-38,gammatone-1-plus-gammatone-on-1,gammatone-1 + gammatone-on-1,boosting,0.5-20,story-segments,mastoids,,-0.1,1.0,50,continuous,ok,,,,0.0690901393723918,0.0794266545730306,0.1075449264880381,-0.0073690990455742,0.0308161585355874,59,0.9672131147540984,46,28,61,False,"[(61, 56), (61, 56)]",True,True,True,"<BoostingResult eeg ~ gammatone-1 + gammatone-on-1, -0.1 - 1, error=l1, basis=0.05, partitions=5, test=1, selective_stopping=1>",0.0018813211117879,/Users/yanyuwoo/Data/bids/derivatives/eelbrain/cache/trf/sub-38/subject-38_raw-0.5-20_epoch-story-segments_reference-mastoids_key-4324e3106957bc83.pickle,pass,True,,8.0,8.0,1.0,False,False,False,False,True,use,True,True,multi_predictor,gammatone-1 + gammatone-on-1,/Users/yanyuwoo/Desktop/mcmaster-project/alice-comprehension-neural-prediction/analysis/trf_pipeline/results/by_multi_predictor/gammatone-1-plus-gammatone-on-1/subject_results.csv,2.0
2026-08-26T22:45:06,sub-39,gammatone-1-plus-gammatone-on-1,gammatone-1 + gammatone-on-1,boosting,0.5-20,story-segments,mastoids,,-0.1,1.0,50,continuous,ok,,,,0.0215097640717184,0.019819363452044,0.0771100130024144,-0.0403804925103947,0.0243963867175868,50,0.819672131147541,58,22,61,False,"[(61, 56), (61, 56)]",True,True,True,"<BoostingResult eeg ~ gammatone-1 + gammatone-on-1, -0.1 - 1, error=l1, basis=0.05, partitions=5, test=1, selective_stopping=1>",0.0002837548609109,/Users/yanyuwoo/Data/bids/derivatives/eelbrain/cache/trf/sub-39/subject-39_raw-0.5-20_epoch-story-segments_reference-mastoids_key-b7d0abe4129f28ce.pickle,pass,True,,3.0,8.0,0.375,False,False,False,True,True,use,True,True,multi_predictor,gammatone-1 + gammatone-on-1,/Users/yanyuwoo/Desktop/mcmaster-project/alice-comprehension-neural-prediction/analysis/trf_pipeline/results/by_multi_predictor/gammatone-1-plus-gammatone-on-1/subject_results.csv,2.0
2026-08-26T22:45:10,sub-40,gammatone-1-plus-gammatone-on-1,gammatone-1 + gammatone-on-1,boosting,0.5-20,story-segments,mastoids,,-0.1,1.0,50,continuous,ok,,,,0.0259730230265736,0.0300372415277713,0.0603851379223584,-0.0499675753556738,0.0228146137646997,52,0.8524590163934426,36,26,61,False,"[(61, 56), (61, 56)]",True,True,True,"<BoostingResult eeg ~ gammatone-1 + gammatone-on-1, -0.1 - 1, error=l1, basis=0.05, partitions=5, test=1, selective_stopping=1>",0.0003962857066513,/Users/yanyuwoo/Data/bids/derivatives/eelbrain/cache/trf/sub-40/subject-40_raw-0.5-20_epoch-story-segments_reference-mastoids_key-5e9a6c774a7aa641.pickle,pass,True,,6.0,8.0,0.75,False,False,False,False,True,use,True,True,multi_predictor,gammatone-1 + gammatone-on-1,/Users/yanyuwoo/Desktop/mcmaster-project/alice-comprehension-neural-prediction/analysis/trf_pipeline/results/by_multi_predictor/gammatone-1-plus-gammatone-on-1/subject_results.csv,2.0
2026-08-26T22:45:15,sub-41,gammatone-1-plus-gammatone-on-1,gammatone-1 + gammatone-on-1,boosting,0.5-20,story-segments,mastoids,,-0.1,1.0,50,continuous,ok,,,,0.0220609418978713,0.0210133122903569,0.079327418006544,-0.0236573472277071,0.0235738921942974,48,0.7868852459016393,58,46,61,False,"[(61, 56), (61, 56)]",True,True,True,"<BoostingResult eeg ~ gammatone-1 + gammatone-on-1, -0.1 - 1, error=l1, basis=0.05, partitions=5, test=1, selective_stopping=1>",0.0005818917630853,/Users/yanyuwoo/Data/bids/derivatives/eelbrain/cache/trf/sub-41/subject-41_raw-0.5-20_epoch-story-segments_reference-mastoids_key-4817733b814948be.pickle,pass,True,,7.0,8.0,0.875,False,False,False,False,True,use,True,True,multi_predictor,gammatone-1 + gammatone-on-1,/Users/yanyuwoo/Desktop/mcmaster-project/alice-comprehension-neural-prediction/analysis/trf_pipeline/results/by_multi_predictor/gammatone-1-plus-gammatone-on-1/subject_results.csv,2.0
2026-08-26T22:45:19,sub-42,gammatone-1-plus-gammatone-on-1,gammatone-1 + gammatone-on-1,boosting,0.5-20,story-segments,mastoids,,-0.1,1.0,50,continuous,ok,,,,0.045189493135065,0.0535348302555459,0.1208882803384304,-0.0504621734495957,0.0427058885593923,49,0.8032786885245902,10,52,61,False,"[(61, 56), (61, 56)]",True,True,True,"<BoostingResult eeg ~ gammatone-1 + gammatone-on-1, -0.1 - 1, error=l1, basis=0.05, partitions=5, test=1, selective_stopping=1>",0.0019230781890081,/Users/yanyuwoo/Data/bids/derivatives/eelbrain/cache/trf/sub-42/subject-42_raw-0.5-20_epoch-story-segments_reference-mastoids_key-1c8e630ac771bfcb.pickle,pass,True,,7.0,8.0,0.875,False,False,False,False,True,use,True,True,multi_predictor,gammatone-1 + gammatone-on-1,/Users/yanyuwoo/Desktop/mcmaster-project/alice-comprehension-neural-prediction/analysis/trf_pipeline/results/by_multi_predictor/gammatone-1-plus-gammatone-on-1/subject_results.csv,2.0
2026-08-26T22:45:26,sub-43,gammatone-1-plus-gammatone-on-1,gammatone-1 + gammatone-on-1,boosting,0.5-20,story-segments,mastoids,,-0.1,1.0,50,continuous,ok,,,,0.0091128584827773,0.0056439091934616,0.0626761155035982,-0.0226214683355751,0.0172021067114237,42,0.6885245901639344,59,13,61,False,"[(61, 56), (61, 56)]",True,True,True,"<BoostingResult eeg ~ gammatone-1 + gammatone-on-1, -0.1 - 1, error=l1, basis=0.05, partitions=5, test=1, selective_stopping=1>",9.35864835066962e-05,/Users/yanyuwoo/Data/bids/derivatives/eelbrain/cache/trf/sub-43/subject-43_raw-0.5-20_epoch-story-segments_reference-mastoids_key-4be96480b58d3de6.pickle,pass,True,,2.0,8.0,0.25,True,False,False,False,True,exclude: low score,True,True,multi_predictor,gammatone-1 + gammatone-on-1,/Users/yanyuwoo/Desktop/mcmaster-project/alice-comprehension-neural-prediction/analysis/trf_pipeline/results/by_multi_predictor/gammatone-1-plus-gammatone-on-1/subject_results.csv,2.0
2026-08-26T22:45:30,sub-44,gammatone-1-plus-gammatone-on-1,gammatone-1 + gammatone-on-1,boosting,0.5-20,story-segments,mastoids,,-0.1,1.0,50,continuous,ok,,,,0.0546320166336845,0.0602239979944354,0.1234824831769654,-0.0371471253304852,0.0394180672883304,57,0.9344262295081968,49,27,61,False,"[(61, 56), (61, 56)]",True,True,True,"<BoostingResult eeg ~ gammatone-1 + gammatone-on-1, -0.1 - 1, error=l1, basis=0.05, partitions=5, test=1, selective_stopping=1>",0.0018341361350659,/Users/yanyuwoo/Data/bids/derivatives/eelbrain/cache/trf/sub-44/subject-44_raw-0.5-20_epoch-story-segments_reference-mastoids_key-f0af4b5db0679b8f.pickle,pass,True,,7.0,8.0,0.875,False,False,False,False,True,use,True,True,multi_predictor,gammatone-1 + gammatone-on-1,/Users/yanyuwoo/Desktop/mcmaster-project/alice-comprehension-neural-prediction/analysis/trf_pipeline/results/by_multi_predictor/gammatone-1-plus-gammatone-on-1/subject_results.csv,2.0
2026-08-26T22:45:36,sub-45,gammatone-1-plus-gammatone-on-1,gammatone-1 + gammatone-on-1,boosting,0.5-20,story-segments,mastoids,,-0.1,1.0,50,continuous,ok,,,,0.0771335478639206,0.0829471494556106,0.1330491703346598,0.0007855128031888,0.0377966023249953,61,1.0,36,53,61,False,"[(61, 56), (61, 56)]",True,True,True,"<BoostingResult eeg ~ gammatone-1 + gammatone-on-1, -0.1 - 1, error=l1, basis=0.05, partitions=5, test=1, selective_stopping=1>",0.0036469569489692,/Users/yanyuwoo/Data/bids/derivatives/eelbrain/cache/trf/sub-45/subject-45_raw-0.5-20_epoch-story-segments_reference-mastoids_key-73427ef02e0c22de.pickle,pass,True,,5.0,8.0,0.625,False,False,False,False,True,use,True,True,multi_predictor,gammatone-1 + gammatone-on-1,/Users/yanyuwoo/Desktop/mcmaster-project/alice-comprehension-neural-prediction/analysis/trf_pipeline/results/by_multi_predictor/gammatone-1-plus-gammatone-on-1/subject_results.csv,2.0
2026-08-26T22:45:45,sub-46,gammatone-1-plus-gammatone-on-1,gammatone-1 + gammatone-on-1,boosting,0.5-20,story-segments,mastoids,,-0.1,1.0,50,continuous,ok,,,,-0.0257778598569899,-0.0264716996381615,0.0059242352737771,-0.0475239705621159,0.0108612599537399,2,0.0327868852459016,11,42,61,False,"[(61, 56), (61, 56)]",True,True,True,"<BoostingResult eeg ~ gammatone-1 + gammatone-on-1, -0.1 - 1, error=l1, basis=0.05, partitions=5, test=1, selective_stopping=1>",-0.0002340642272942,/Users/yanyuwoo/Data/bids/derivatives/eelbrain/cache/trf/sub-46/subject-46_raw-0.5-20_epoch-story-segments_reference-mastoids_key-7187be5dc35e5913.pickle,pass,True,,3.0,8.0,0.375,True,True,False,False,False,exclude: low score & noise,True,False,multi_predictor,gammatone-1 + gammatone-on-1,/Users/yanyuwoo/Desktop/mcmaster-project/alice-comprehension-neural-prediction/analysis/trf_pipeline/results/by_multi_predictor/gammatone-1-plus-gammatone-on-1/subject_results.csv,2.0
2026-08-26T22:45:48,sub-47,gammatone-1-plus-gammatone-on-1,gammatone-1 + gammatone-on-1,boosting,0.5-20,story-segments,mastoids,,-0.1,1.0,50,continuous,ok,,,,0.0065343522757496,0.0076385628445553,0.0551695401824056,-0.0228492657036157,0.0145049210070283,38,0.6229508196721312,51,32,61,False,"[(61, 56), (61, 56)]",True,True,True,"<BoostingResult eeg ~ gammatone-1 + gammatone-on-1, -0.1 - 1, error=l1, basis=0.05, partitions=5, test=1, selective_stopping=1>",0.0002132456026977,/Users/yanyuwoo/Data/bids/derivatives/eelbrain/cache/trf/sub-47/subject-47_raw-0.5-20_epoch-story-segments_reference-mastoids_key-4fb6fe15d53380e5.pickle,pass,True,,4.0,8.0,0.5,True,True,False,False,False,exclude: low score & noise,True,False,multi_predictor,gammatone-1 + gammatone-on-1,/Users/yanyuwoo/Desktop/mcmaster-project/alice-comprehension-neural-prediction/analysis/trf_pipeline/results/by_multi_predictor/gammatone-1-plus-gammatone-on-1/subject_results.csv,2.0
2026-08-26T22:45:52,sub-48,gammatone-1-plus-gammatone-on-1,gammatone-1 + gammatone-on-1,boosting,0.5-20,story-segments,mastoids,,-0.1,1.0,50,continuous,ok,,,,0.0168001467855252,0.0171637830386224,0.0610262040463758,-0.0288701013051271,0.0160424396932839,54,0.8852459016393442,25,22,61,False,"[(61, 56), (61, 56)]",True,True,True,"<BoostingResult eeg ~ gammatone-1 + gammatone-on-1, -0.1 - 1, error=l1, basis=0.05, partitions=5, test=1, selective_stopping=1>",0.0002719367609492,/Users/yanyuwoo/Data/bids/derivatives/eelbrain/cache/trf/sub-48/subject-48_raw-0.5-20_epoch-story-segments_reference-mastoids_key-331397c7a05c9a72.pickle,pass,True,,7.0,8.0,0.875,False,False,False,False,True,use,True,True,multi_predictor,gammatone-1 + gammatone-on-1,/Users/yanyuwoo/Desktop/mcmaster-project/alice-comprehension-neural-prediction/analysis/trf_pipeline/results/by_multi_predictor/gammatone-1-plus-gammatone-on-1/subject_results.csv,2.0
2026-08-26T22:45:56,sub-49,gammatone-1-plus-gammatone-on-1,gammatone-1 + gammatone-on-1,boosting,0.5-20,story-segments,mastoids,,-0.1,1.0,50,continuous,ok,,,,0.0170451308503875,0.0152298593007368,0.0673466586418679,-0.0458321473702508,0.0238620807956454,44,0.7213114754098361,19,27,61,False,"[(61, 56), (61, 56)]",True,True,True,"<BoostingResult eeg ~ gammatone-1 + gammatone-on-1, -0.1 - 1, error=l1, basis=0.05, partitions=5, test=1, selective_stopping=1>",0.000426363878008,/Users/yanyuwoo/Data/bids/derivatives/eelbrain/cache/trf/sub-49/subject-49_raw-0.5-20_epoch-story-segments_reference-mastoids_key-68151f5d843465e7.pickle,pass,True,,6.0,8.0,0.75,False,True,False,False,False,exclude: noise,True,False,multi_predictor,gammatone-1 + gammatone-on-1,/Users/yanyuwoo/Desktop/mcmaster-project/alice-comprehension-neural-prediction/analysis/trf_pipeline/results/by_multi_predictor/gammatone-1-plus-gammatone-on-1/subject_results.csv,2.0
2026-08-25T17:30:01,sub-01,gammatone-8-plus-gammatone-on-8,gammatone-8 + gammatone-on-8,boosting,0.5-20,story-segments,mastoids,,-0.1,1.0,50,continuous,ok,,,,0.0488812348250949,0.04756044642712,0.1265513295239416,-0.038795972436416,0.0439006739861278,50,0.819672131147541,41,61,61,False,"[(61, 8, 56), (61, 8, 56)]",True,True,True,"<BoostingResult eeg ~ gammatone-8 + gammatone-on-8, -0.1 - 1, error=l1, basis=0.05, partitions=5, test=1, selective_stopping=1>",0.002886160453234,/Users/yanyuwoo/Data/bids/derivatives/eelbrain/cache/trf/sub-01/subject-01_raw-0.5-20_epoch-story-segments_reference-mastoids_key-c944b674d118f5af.pickle,pass,True,,6.0,8.0,0.75,False,False,False,False,True,use,True,True,multi_predictor,gammatone-8 + gammatone-on-8,/Users/yanyuwoo/Desktop/mcmaster-project/alice-comprehension-neural-prediction/analysis/trf_pipeline/results/by_multi_predictor/gammatone-8-plus-gammatone-on-8/subject_results.csv,2.0
2026-08-25T17:31:47,sub-02,gammatone-8-plus-gammatone-on-8,gammatone-8 + gammatone-on-8,boosting,0.5-20,story-segments,mastoids,,-0.1,1.0,50,continuous,ok,,,,0.0568216960529669,0.0664058255228614,0.1221108228453258,-0.0392674477947959,0.0447435721541044,53,0.8688524590163934,57,50,61,False,"[(61, 8, 56), (61, 8, 56)]",True,True,True,"<BoostingResult eeg ~ gammatone-8 + gammatone-on-8, -0.1 - 1, error=l1, basis=0.05, partitions=5, test=1, selective_stopping=1>",0.0025752820433486,/Users/yanyuwoo/Data/bids/derivatives/eelbrain/cache/trf/sub-02/subject-02_raw-0.5-20_epoch-story-segments_reference-mastoids_key-5210c94e85203c4e.pickle,pass,True,,6.0,8.0,0.75,False,True,False,False,False,exclude: noise,True,False,multi_predictor,gammatone-8 + gammatone-on-8,/Users/yanyuwoo/Desktop/mcmaster-project/alice-comprehension-neural-prediction/analysis/trf_pipeline/results/by_multi_predictor/gammatone-8-plus-gammatone-on-8/subject_results.csv,2.0
2026-08-25T17:33:27,sub-03,gammatone-8-plus-gammatone-on-8,gammatone-8 + gammatone-on-8,boosting,0.5-20,story-segments,mastoids,,-0.1,1.0,50,continuous,ok,,,,0.0415654425163294,0.0464981012267958,0.071840450655593,-0.022116252529537,0.0252964148132247,57,0.9344262295081968,56,12,61,False,"[(61, 8, 56), (61, 8, 56)]",True,True,True,"<BoostingResult eeg ~ gammatone-8 + gammatone-on-8, -0.1 - 1, error=l1, basis=0.05, partitions=5, test=1, selective_stopping=1>",0.0010678761086852,/Users/yanyuwoo/Data/bids/derivatives/eelbrain/cache/trf/sub-03/subject-03_raw-0.5-20_epoch-story-segments_reference-mastoids_key-44e781d210c645c9.pickle,pass,True,,6.0,8.0,0.75,False,False,False,False,True,use,True,True,multi_predictor,gammatone-8 + gammatone-on-8,/Users/yanyuwoo/Desktop/mcmaster-project/alice-comprehension-neural-prediction/analysis/trf_pipeline/results/by_multi_predictor/gammatone-8-plus-gammatone-on-8/subject_results.csv,2.0
2026-08-25T17:34:43,sub-04,gammatone-8-plus-gammatone-on-8,gammatone-8 + gammatone-on-8,boosting,0.5-20,story-segments,mastoids,,-0.1,1.0,50,continuous,ok,,,,0.0145358779460586,0.0138705558608123,0.0583188464637588,-0.0469763425716918,0.0254533526917662,42,0.6885245901639344,31,52,61,False,"[(61, 8, 56), (61, 8, 56)]",True,True,True,"<BoostingResult eeg ~ gammatone-8 + gammatone-on-8, -0.1 - 1, error=l1, basis=0.05, partitions=5, test=1, selective_stopping=1>",0.0001361642160645,/Users/yanyuwoo/Data/bids/derivatives/eelbrain/cache/trf/sub-04/subject-04_raw-0.5-20_epoch-story-segments_reference-mastoids_key-200cba4fa7e2ca56.pickle,pass,True,,7.0,8.0,0.875,False,False,False,False,True,use,True,True,multi_predictor,gammatone-8 + gammatone-on-8,/Users/yanyuwoo/Desktop/mcmaster-project/alice-comprehension-neural-prediction/analysis/trf_pipeline/results/by_multi_predictor/gammatone-8-plus-gammatone-on-8/subject_results.csv,2.0
2026-08-25T17:35:54,sub-05,gammatone-8-plus-gammatone-on-8,gammatone-8 + gammatone-on-8,boosting,0.5-20,story-segments,mastoids,,-0.1,1.0,50,continuous,ok,,,,0.0315105345207929,0.0319628255930264,0.0801050511514182,-0.0124748688187566,0.0182549346655212,59,0.9672131147540984,50,31,61,False,"[(61, 8, 56), (61, 8, 56)]",True,True,True,"<BoostingResult eeg ~ gammatone-8 + gammatone-on-8, -0.1 - 1, error=l1, basis=0.05, partitions=5, test=1, selective_stopping=1>",0.0007131968957571,/Users/yanyuwoo/Data/bids/derivatives/eelbrain/cache/trf/sub-05/subject-05_raw-0.5-20_epoch-story-segments_reference-mastoids_key-18b5233286dde876.pickle,pass,True,,7.0,8.0,0.875,False,False,False,False,True,use,True,True,multi_predictor,gammatone-8 + gammatone-on-8,/Users/yanyuwoo/Desktop/mcmaster-project/alice-comprehension-neural-prediction/analysis/trf_pipeline/results/by_multi_predictor/gammatone-8-plus-gammatone-on-8/subject_results.csv,2.0
2026-08-25T17:37:10,sub-06,gammatone-8-plus-gammatone-on-8,gammatone-8 + gammatone-on-8,boosting,0.5-20,story-segments,mastoids,,-0.1,1.0,50,continuous,ok,,,,0.0282077740660995,0.0259597250686032,0.0963705012813935,-0.0237863247391906,0.025733300626492,53,0.8688524590163934,50,58,61,False,"[(61, 8, 56), (61, 8, 56)]",True,True,True,"<BoostingResult eeg ~ gammatone-8 + gammatone-on-8, -0.1 - 1, error=l1, basis=0.05, partitions=5, test=1, selective_stopping=1>",0.0008883461069047,/Users/yanyuwoo/Data/bids/derivatives/eelbrain/cache/trf/sub-06/subject-06_raw-0.5-20_epoch-story-segments_reference-mastoids_key-98b402522d60fd0f.pickle,pass,True,,5.0,8.0,0.625,False,False,False,False,True,use,True,True,multi_predictor,gammatone-8 + gammatone-on-8,/Users/yanyuwoo/Desktop/mcmaster-project/alice-comprehension-neural-prediction/analysis/trf_pipeline/results/by_multi_predictor/gammatone-8-plus-gammatone-on-8/subject_results.csv,2.0
2026-08-25T17:38:38,sub-07,gammatone-8-plus-gammatone-on-8,gammatone-8 + gammatone-on-8,boosting,0.5-20,story-segments,mastoids,,-0.1,1.0,50,continuous,ok,,,,0.0531566382400563,0.0624127589137122,0.0917830961066533,-0.015655529071616,0.0276263354770926,59,0.9672131147540984,19,30,61,False,"[(61, 8, 56), (61, 8, 56)]",True,True,True,"<BoostingResult eeg ~ gammatone-8 + gammatone-on-8, -0.1 - 1, error=l1, basis=0.05, partitions=5, test=1, selective_stopping=1>",0.0020415994459788,/Users/yanyuwoo/Data/bids/derivatives/eelbrain/cache/trf/sub-07/subject-07_raw-0.5-20_epoch-story-segments_reference-mastoids_key-ee81f31565fb3a03.pickle,pass,True,,4.0,8.0,0.5,True,False,False,False,True,exclude: low score,True,True,multi_predictor,gammatone-8 + gammatone-on-8,/Users/yanyuwoo/Desktop/mcmaster-project/alice-comprehension-neural-prediction/analysis/trf_pipeline/results/by_multi_predictor/gammatone-8-plus-gammatone-on-8/subject_results.csv,2.0
2026-08-25T17:40:21,sub-08,gammatone-8-plus-gammatone-on-8,gammatone-8 + gammatone-on-8,boosting,0.5-20,story-segments,mastoids,,-0.1,1.0,50,continuous,ok,,,,0.0294048896219894,0.0310405624140117,0.0678727505422081,-0.0143627845021716,0.0196180148482554,54,0.8852459016393442,19,26,61,False,"[(61, 8, 56), (61, 8, 56)]",True,True,True,"<BoostingResult eeg ~ gammatone-8 + gammatone-on-8, -0.1 - 1, error=l1, basis=0.05, partitions=5, test=1, selective_stopping=1>",0.0010217771971612,/Users/yanyuwoo/Data/bids/derivatives/eelbrain/cache/trf/sub-08/subject-08_raw-0.5-20_epoch-story-segments_reference-mastoids_key-89cb8bc6f541fe6e.pickle,pass,True,,6.0,8.0,0.75,False,False,False,False,True,use,True,True,multi_predictor,gammatone-8 + gammatone-on-8,/Users/yanyuwoo/Desktop/mcmaster-project/alice-comprehension-neural-prediction/analysis/trf_pipeline/results/by_multi_predictor/gammatone-8-plus-gammatone-on-8/subject_results.csv,2.0
2026-08-25T17:41:47,sub-09,gammatone-8-plus-gammatone-on-8,gammatone-8 + gammatone-on-8,boosting,0.5-20,story-segments,mastoids,,-0.1,1.0,50,continuous,ok,,,,0.0436800292877937,0.0408092079848172,0.1013857586419804,-0.0157393250354654,0.0284621282763776,58,0.9508196721311476,11,57,61,False,"[(61, 8, 56), (61, 8, 56)]",True,True,True,"<BoostingResult eeg ~ gammatone-8 + gammatone-on-8, -0.1 - 1, error=l1, basis=0.05, partitions=5, test=1, selective_stopping=1>",0.0014127928652277,/Users/yanyuwoo/Data/bids/derivatives/eelbrain/cache/trf/sub-09/subject-09_raw-0.5-20_epoch-story-segments_reference-mastoids_key-10622bc310b1cc05.pickle,fail,False,audio_alignment_failed,2.0,8.0,0.25,True,False,False,False,True,exclude: low score,False,False,multi_predictor,gammatone-8 + gammatone-on-8,/Users/yanyuwoo/Desktop/mcmaster-project/alice-comprehension-neural-prediction/analysis/trf_pipeline/results/by_multi_predictor/gammatone-8-plus-gammatone-on-8/subject_results.csv,2.0
2026-08-25T17:43:22,sub-10,gammatone-8-plus-gammatone-on-8,gammatone-8 + gammatone-on-8,boosting,0.5-20,story-segments,mastoids,,-0.1,1.0,50,continuous,ok,,,,0.0165414124928787,0.0131333935647139,0.1072845185440116,-0.0321374420458158,0.0271673161698294,42,0.6885245901639344,51,31,61,False,"[(61, 8, 56), (61, 8, 56)]",True,True,True,"<BoostingResult eeg ~ gammatone-8 + gammatone-on-8, -0.1 - 1, error=l1, basis=0.05, partitions=5, test=1, selective_stopping=1>",0.0003937135332214,/Users/yanyuwoo/Data/bids/derivatives/eelbrain/cache/trf/sub-10/subject-10_raw-0.5-20_epoch-story-segments_reference-mastoids_key-f1e8cfb2f32b2a75.pickle,pass,True,,5.0,8.0,0.625,False,False,False,False,True,use,True,True,multi_predictor,gammatone-8 + gammatone-on-8,/Users/yanyuwoo/Desktop/mcmaster-project/alice-comprehension-neural-prediction/analysis/trf_pipeline/results/by_multi_predictor/gammatone-8-plus-gammatone-on-8/subject_results.csv,2.0
2026-08-25T17:44:33,sub-11,gammatone-8-plus-gammatone-on-8,gammatone-8 + gammatone-on-8,boosting,0.5-20,story-segments,mastoids,,-0.1,1.0,50,continuous,ok,,,,0.007363546470734,0.012644225023687,0.0472288846690094,-0.0632269276867902,0.0245719255251041,40,0.6557377049180327,32,25,61,False,"[(61, 8, 56), (61, 8, 56)]",True,True,True,"<BoostingResult eeg ~ gammatone-8 + gammatone-on-8, -0.1 - 1, error=l1, basis=0.05, partitions=5, test=1, selective_stopping=1>",-0.0001686161512221,/Users/yanyuwoo/Data/bids/derivatives/eelbrain/cache/trf/sub-11/subject-11_raw-0.5-20_epoch-story-segments_reference-mastoids_key-616b08855c5e53f7.pickle,pass,True,,6.0,8.0,0.75,False,False,False,False,True,use,True,True,multi_predictor,gammatone-8 + gammatone-on-8,/Users/yanyuwoo/Desktop/mcmaster-project/alice-comprehension-neural-prediction/analysis/trf_pipeline/results/by_multi_predictor/gammatone-8-plus-gammatone-on-8/subject_results.csv,2.0
2026-08-25T17:45:39,sub-12,gammatone-8-plus-gammatone-on-8,gammatone-8 + gammatone-on-8,boosting,0.5-20,story-segments,mastoids,,-0.1,1.0,50,continuous,ok,,,,0.0364676767418578,0.0397787270123931,0.0876734413875065,-0.0152234537883108,0.0193645710740201,59,0.9672131147540984,49,56,61,False,"[(61, 8, 56), (61, 8, 56)]",True,True,True,"<BoostingResult eeg ~ gammatone-8 + gammatone-on-8, -0.1 - 1, error=l1, basis=0.05, partitions=5, test=1, selective_stopping=1>",0.0010363505243539,/Users/yanyuwoo/Data/bids/derivatives/eelbrain/cache/trf/sub-12/subject-12_raw-0.5-20_epoch-story-segments_reference-mastoids_key-51274e160f345906.pickle,pass,True,,6.0,8.0,0.75,False,False,False,False,True,use,True,True,multi_predictor,gammatone-8 + gammatone-on-8,/Users/yanyuwoo/Desktop/mcmaster-project/alice-comprehension-neural-prediction/analysis/trf_pipeline/results/by_multi_predictor/gammatone-8-plus-gammatone-on-8/subject_results.csv,2.0
2026-08-25T17:47:06,sub-13,gammatone-8-plus-gammatone-on-8,gammatone-8 + gammatone-on-8,boosting,0.5-20,story-segments,mastoids,,-0.1,1.0,50,continuous,ok,,,,0.0799843350276475,0.0782040998477659,0.1933616696531589,-0.0198228906863779,0.064450789325632,52,0.8524590163934426,44,52,61,False,"[(61, 8, 56), (61, 8, 56)]",True,True,True,"<BoostingResult eeg ~ gammatone-8 + gammatone-on-8, -0.1 - 1, error=l1, basis=0.05, partitions=5, test=1, selective_stopping=1>",0.0073666356548633,/Users/yanyuwoo/Data/bids/derivatives/eelbrain/cache/trf/sub-13/subject-13_raw-0.5-20_epoch-story-segments_reference-mastoids_key-d6fd2847b86b3834.pickle,pass,True,,8.0,8.0,1.0,False,False,False,False,True,use,True,True,multi_predictor,gammatone-8 + gammatone-on-8,/Users/yanyuwoo/Desktop/mcmaster-project/alice-comprehension-neural-prediction/analysis/trf_pipeline/results/by_multi_predictor/gammatone-8-plus-gammatone-on-8/subject_results.csv,2.0
2026-08-25T17:49:41,sub-14,gammatone-8-plus-gammatone-on-8,gammatone-8 + gammatone-on-8,boosting,0.5-20,story-segments,mastoids,,-0.1,1.0,50,continuous,ok,,,,0.0878836772065103,0.0949646278232705,0.1604098167486408,-0.006731442818293,0.0450389622649065,59,0.9672131147540984,59,56,61,False,"[(61, 8, 56), (61, 8, 56)]",True,True,True,"<BoostingResult eeg ~ gammatone-8 + gammatone-on-8, -0.1 - 1, error=l1, basis=0.05, partitions=5, test=1, selective_stopping=1>",0.0055663844047072,/Users/yanyuwoo/Data/bids/derivatives/eelbrain/cache/trf/sub-14/subject-14_raw-0.5-20_epoch-story-segments_reference-mastoids_key-e010245d4a017e78.pickle,pass,True,,4.0,4.0,1.0,False,False,True,False,True,use,True,True,multi_predictor,gammatone-8 + gammatone-on-8,/Users/yanyuwoo/Desktop/mcmaster-project/alice-comprehension-neural-prediction/analysis/trf_pipeline/results/by_multi_predictor/gammatone-8-plus-gammatone-on-8/subject_results.csv,2.0
2026-08-25T17:52:16,sub-15,gammatone-8-plus-gammatone-on-8,gammatone-8 + gammatone-on-8,boosting,0.5-20,story-segments,mastoids,,-0.1,1.0,50,continuous,ok,,,,0.0637452275129535,0.067874433264507,0.1357639848015915,-0.0385996054111542,0.0463698604670603,53,0.8688524590163934,58,53,61,False,"[(61, 8, 56), (61, 8, 56)]",True,True,True,"<BoostingResult eeg ~ gammatone-8 + gammatone-on-8, -0.1 - 1, error=l1, basis=0.05, partitions=5, test=1, selective_stopping=1>",0.0039590935677708,/Users/yanyuwoo/Data/bids/derivatives/eelbrain/cache/trf/sub-15/subject-15_raw-0.5-20_epoch-story-segments_reference-mastoids_key-f7cc2d1d272ba34b.pickle,pass,True,,4.0,4.0,1.0,False,False,True,False,True,use,True,True,multi_predictor,gammatone-8 + gammatone-on-8,/Users/yanyuwoo/Desktop/mcmaster-project/alice-comprehension-neural-prediction/analysis/trf_pipeline/results/by_multi_predictor/gammatone-8-plus-gammatone-on-8/subject_results.csv,2.0
2026-08-25T17:54:20,sub-16,gammatone-8-plus-gammatone-on-8,gammatone-8 + gammatone-on-8,boosting,0.5-20,story-segments,mastoids,,-0.1,1.0,50,continuous,ok,,,,0.0560059519150167,0.0530312845676058,0.1239280542191945,-0.0042017586073234,0.0384398688325439,58,0.9508196721311476,34,31,61,False,"[(61, 8, 56), (61, 8, 56)]",True,True,True,"<BoostingResult eeg ~ gammatone-8 + gammatone-on-8, -0.1 - 1, error=l1, basis=0.05, partitions=5, test=1, selective_stopping=1>",0.0026675035813768,/Users/yanyuwoo/Data/bids/derivatives/eelbrain/cache/trf/sub-16/subject-16_raw-0.5-20_epoch-story-segments_reference-mastoids_key-6ab744dc153c451f.pickle,fail,False,audio_alignment_failed,6.0,8.0,0.75,False,False,False,False,True,use,False,False,multi_predictor,gammatone-8 + gammatone-on-8,/Users/yanyuwoo/Desktop/mcmaster-project/alice-comprehension-neural-prediction/analysis/trf_pipeline/results/by_multi_predictor/gammatone-8-plus-gammatone-on-8/subject_results.csv,2.0
2026-08-25T17:56:14,sub-17,gammatone-8-plus-gammatone-on-8,gammatone-8 + gammatone-on-8,boosting,0.5-20,story-segments,mastoids,,-0.1,1.0,50,continuous,ok,,,,0.0578972861456771,0.0529793297531902,0.1150481884812917,-0.010094163037688,0.0303323289705341,59,0.9672131147540984,60,52,61,False,"[(61, 8, 56), (61, 8, 56)]",True,True,True,"<BoostingResult eeg ~ gammatone-8 + gammatone-on-8, -0.1 - 1, error=l1, basis=0.05, partitions=5, test=1, selective_stopping=1>",0.0019463222644166,/Users/yanyuwoo/Data/bids/derivatives/eelbrain/cache/trf/sub-17/subject-17_raw-0.5-20_epoch-story-segments_reference-mastoids_key-254f78eb4e834c92.pickle,pass,True,,6.0,8.0,0.75,False,False,False,False,True,use,True,True,multi_predictor,gammatone-8 + gammatone-on-8,/Users/yanyuwoo/Desktop/mcmaster-project/alice-comprehension-neural-prediction/analysis/trf_pipeline/results/by_multi_predictor/gammatone-8-plus-gammatone-on-8/subject_results.csv,2.0
2026-08-25T17:58:02,sub-18,gammatone-8-plus-gammatone-on-8,gammatone-8 + gammatone-on-8,boosting,0.5-20,story-segments,mastoids,,-0.1,1.0,50,continuous,ok,,,,0.0467801059431425,0.0481787477791567,0.0837480673291437,-0.0118017498665699,0.025246984435143,59,0.9672131147540984,41,22,61,False,"[(61, 8, 56), (61, 8, 56)]",True,True,True,"<BoostingResult eeg ~ gammatone-8 + gammatone-on-8, -0.1 - 1, error=l1, basis=0.05, partitions=5, test=1, selective_stopping=1>",0.0014765443333941,/Users/yanyuwoo/Data/bids/derivatives/eelbrain/cache/trf/sub-18/subject-18_raw-0.5-20_epoch-story-segments_reference-mastoids_key-ec733754e58110e9.pickle,pass,True,,7.0,8.0,0.875,False,False,False,False,True,use,True,True,multi_predictor,gammatone-8 + gammatone-on-8,/Users/yanyuwoo/Desktop/mcmaster-project/alice-comprehension-neural-prediction/analysis/trf_pipeline/results/by_multi_predictor/gammatone-8-plus-gammatone-on-8/subject_results.csv,2.0
2026-08-25T17:59:37,sub-19,gammatone-8-plus-gammatone-on-8,gammatone-8 + gammatone-on-8,boosting,0.5-20,story-segments,mastoids,,-0.1,1.0,50,continuous,ok,,,,0.0315886988488302,0.0293117868891697,0.0679011789062518,-0.019382255092894,0.0222126716682425,55,0.9016393442622952,33,32,61,False,"[(61, 8, 56), (61, 8, 56)]",True,True,True,"<BoostingResult eeg ~ gammatone-8 + gammatone-on-8, -0.1 - 1, error=l1, basis=0.05, partitions=5, test=1, selective_stopping=1>",0.0010378385680077,/Users/yanyuwoo/Data/bids/derivatives/eelbrain/cache/trf/sub-19/subject-19_raw-0.5-20_epoch-story-segments_reference-mastoids_key-bcf681fae8ce6357.pickle,pass,True,,8.0,8.0,1.0,False,False,False,False,True,use,True,True,multi_predictor,gammatone-8 + gammatone-on-8,/Users/yanyuwoo/Desktop/mcmaster-project/alice-comprehension-neural-prediction/analysis/trf_pipeline/results/by_multi_predictor/gammatone-8-plus-gammatone-on-8/subject_results.csv,2.0
2026-08-25T18:01:03,sub-20,gammatone-8-plus-gammatone-on-8,gammatone-8 + gammatone-on-8,boosting,0.5-20,story-segments,mastoids,,-0.1,1.0,50,continuous,ok,,,,0.0124187950338799,0.0099232407441388,0.1088682801364472,-0.0295140329145992,0.0225063820756137,45,0.7377049180327869,50,17,61,False,"[(61, 8, 56), (61, 8, 56)]",True,True,True,"<BoostingResult eeg ~ gammatone-8 + gammatone-on-8, -0.1 - 1, error=l1, basis=0.05, partitions=5, test=1, selective_stopping=1>",0.0002124400469143,/Users/yanyuwoo/Data/bids/derivatives/eelbrain/cache/trf/sub-20/subject-20_raw-0.5-20_epoch-story-segments_reference-mastoids_key-1a5ca1087e72c095.pickle,pass,True,,5.0,8.0,0.625,False,False,False,False,True,use,True,True,multi_predictor,gammatone-8 + gammatone-on-8,/Users/yanyuwoo/Desktop/mcmaster-project/alice-comprehension-neural-prediction/analysis/trf_pipeline/results/by_multi_predictor/gammatone-8-plus-gammatone-on-8/subject_results.csv,2.0
2026-08-25T18:02:10,sub-21,gammatone-8-plus-gammatone-on-8,gammatone-8 + gammatone-on-8,boosting,0.5-20,story-segments,mastoids,,-0.1,1.0,50,continuous,ok,,,,0.0284588090157517,0.0275847166080774,0.0661307951890851,-0.0082732701711751,0.0191049316160602,55,0.9016393442622952,49,41,61,False,"[(61, 8, 56), (61, 8, 56)]",True,True,True,"<BoostingResult eeg ~ gammatone-8 + gammatone-on-8, -0.1 - 1, error=l1, basis=0.05, partitions=5, test=1, selective_stopping=1>",0.0012738788706996,/Users/yanyuwoo/Data/bids/derivatives/eelbrain/cache/trf/sub-21/subject-21_raw-0.5-20_epoch-story-segments_reference-mastoids_key-b5fd51fe1b221ecd.pickle,pass,True,,,,,False,False,False,False,False,use,False,False,multi_predictor,gammatone-8 + gammatone-on-8,/Users/yanyuwoo/Desktop/mcmaster-project/alice-comprehension-neural-prediction/analysis/trf_pipeline/results/by_multi_predictor/gammatone-8-plus-gammatone-on-8/subject_results.csv,2.0
2026-08-25T18:03:32,sub-22,gammatone-8-plus-gammatone-on-8,gammatone-8 + gammatone-on-8,boosting,0.5-20,story-segments,mastoids,,-0.1,1.0,50,continuous,ok,,,,0.005148620863988,0.0018672078498194,0.0596285212982282,-0.0400967388757813,0.0228620225147844,34,0.5573770491803278,49,19,61,False,"[(61, 8, 56), (61, 8, 56)]",True,True,True,"<BoostingResult eeg ~ gammatone-8 + gammatone-on-8, -0.1 - 1, error=l1, basis=0.05, partitions=5, test=1, selective_stopping=1>",-7.533122936e-05,/Users/yanyuwoo/Data/bids/derivatives/eelbrain/cache/trf/sub-22/subject-22_raw-0.5-20_epoch-story-segments_reference-mastoids_key-1769825d364252f9.pickle,pass,True,,6.0,8.0,0.75,False,False,False,False,True,use,True,True,multi_predictor,gammatone-8 + gammatone-on-8,/Users/yanyuwoo/Desktop/mcmaster-project/alice-comprehension-neural-prediction/analysis/trf_pipeline/results/by_multi_predictor/gammatone-8-plus-gammatone-on-8/subject_results.csv,2.0
2026-08-25T18:04:32,sub-23,gammatone-8-plus-gammatone-on-8,gammatone-8 + gammatone-on-8,boosting,0.5-20,story-segments,mastoids,,-0.1,1.0,50,continuous,ok,,,,0.0214760485272906,0.0195914211917489,0.0830203435769394,-0.0256282742564502,0.0231097560310438,52,0.8524590163934426,32,55,61,False,"[(61, 8, 56), (61, 8, 56)]",True,True,True,"<BoostingResult eeg ~ gammatone-8 + gammatone-on-8, -0.1 - 1, error=l1, basis=0.05, partitions=5, test=1, selective_stopping=1>",0.0001668773295155,/Users/yanyuwoo/Data/bids/derivatives/eelbrain/cache/trf/sub-23/subject-23_raw-0.5-20_epoch-story-segments_reference-mastoids_key-926247823d50166f.pickle,pass,True,,3.0,8.0,0.375,True,False,False,False,True,exclude: low score,True,True,multi_predictor,gammatone-8 + gammatone-on-8,/Users/yanyuwoo/Desktop/mcmaster-project/alice-comprehension-neural-prediction/analysis/trf_pipeline/results/by_multi_predictor/gammatone-8-plus-gammatone-on-8/subject_results.csv,2.0
2026-08-25T18:05:40,sub-24,gammatone-8-plus-gammatone-on-8,gammatone-8 + gammatone-on-8,boosting,0.5-20,story-segments,mastoids,,-0.1,1.0,50,continuous,ok,,,,0.008565353862204,0.0135204257926042,0.0616174441012102,-0.0418474664440243,0.0255199261606914,40,0.6557377049180327,11,23,61,False,"[(61, 8, 56), (61, 8, 56)]",True,True,True,"<BoostingResult eeg ~ gammatone-8 + gammatone-on-8, -0.1 - 1, error=l1, basis=0.05, partitions=5, test=1, selective_stopping=1>",-7.034314991484378e-05,/Users/yanyuwoo/Data/bids/derivatives/eelbrain/cache/trf/sub-24/subject-24_raw-0.5-20_epoch-story-segments_reference-mastoids_key-9e40cf76c881daf8.pickle,pass,True,,4.0,8.0,0.5,True,False,False,False,True,exclude: low score,True,True,multi_predictor,gammatone-8 + gammatone-on-8,/Users/yanyuwoo/Desktop/mcmaster-project/alice-comprehension-neural-prediction/analysis/trf_pipeline/results/by_multi_predictor/gammatone-8-plus-gammatone-on-8/subject_results.csv,2.0
2026-08-25T18:06:42,sub-25,gammatone-8-plus-gammatone-on-8,gammatone-8 + gammatone-on-8,boosting,0.5-20,story-segments,mastoids,,-0.1,1.0,50,continuous,ok,,,,0.0326288047416886,0.0302714249657515,0.0656566337928348,-0.0270539592050878,0.0186731467015203,58,0.9508196721311476,9,23,61,False,"[(61, 8, 56), (61, 8, 56)]",True,True,True,"<BoostingResult eeg ~ gammatone-8 + gammatone-on-8, -0.1 - 1, error=l1, basis=0.05, partitions=5, test=1, selective_stopping=1>",0.0006644225600108,/Users/yanyuwoo/Data/bids/derivatives/eelbrain/cache/trf/sub-25/subject-25_raw-0.5-20_epoch-story-segments_reference-mastoids_key-4650d26d3c8c83fd.pickle,pass,True,,5.0,8.0,0.625,False,False,False,False,True,use,True,True,multi_predictor,gammatone-8 + gammatone-on-8,/Users/yanyuwoo/Desktop/mcmaster-project/alice-comprehension-neural-prediction/analysis/trf_pipeline/results/by_multi_predictor/gammatone-8-plus-gammatone-on-8/subject_results.csv,2.0
2026-08-25T18:07:56,sub-26,gammatone-8-plus-gammatone-on-8,gammatone-8 + gammatone-on-8,boosting,0.5-20,story-segments,mastoids,,-0.1,1.0,50,continuous,ok,,,,0.0266462645187805,0.0297437397386077,0.0634600150197083,-0.0231450160738673,0.0191803173895281,55,0.9016393442622952,9,53,61,False,"[(61, 8, 56), (61, 8, 56)]",True,True,True,"<BoostingResult eeg ~ gammatone-8 + gammatone-on-8, -0.1 - 1, error=l1, basis=0.05, partitions=5, test=1, selective_stopping=1>",0.001219332398816,/Users/yanyuwoo/Data/bids/derivatives/eelbrain/cache/trf/sub-26/subject-26_raw-0.5-20_epoch-story-segments_reference-mastoids_key-11c897faab08a647.pickle,pass,True,,6.0,8.0,0.75,False,False,False,False,True,use,True,True,multi_predictor,gammatone-8 + gammatone-on-8,/Users/yanyuwoo/Desktop/mcmaster-project/alice-comprehension-neural-prediction/analysis/trf_pipeline/results/by_multi_predictor/gammatone-8-plus-gammatone-on-8/subject_results.csv,2.0
2026-08-25T18:09:15,sub-27,gammatone-8-plus-gammatone-on-8,gammatone-8 + gammatone-on-8,boosting,0.5-20,story-segments,mastoids,,-0.1,1.0,50,continuous,ok,,,,0.0352128771102105,0.0436068842359156,0.0711061660770789,-0.0221779596384996,0.0246418354299262,57,0.9344262295081968,44,22,61,False,"[(61, 8, 56), (61, 8, 56)]",True,True,True,"<BoostingResult eeg ~ gammatone-8 + gammatone-on-8, -0.1 - 1, error=l1, basis=0.05, partitions=5, test=1, selective_stopping=1>",0.0008173952258519,/Users/yanyuwoo/Data/bids/derivatives/eelbrain/cache/trf/sub-27/subject-27_raw-0.5-20_epoch-story-segments_reference-mastoids_key-6423dc9203284ed9.pickle,pass,True,,4.0,8.0,0.5,True,False,False,False,True,exclude: low score,True,True,multi_predictor,gammatone-8 + gammatone-on-8,/Users/yanyuwoo/Desktop/mcmaster-project/alice-comprehension-neural-prediction/analysis/trf_pipeline/results/by_multi_predictor/gammatone-8-plus-gammatone-on-8/subject_results.csv,2.0
2026-08-25T18:10:29,sub-28,gammatone-8-plus-gammatone-on-8,gammatone-8 + gammatone-on-8,boosting,0.5-20,story-segments,mastoids,,-0.1,1.0,50,continuous,ok,,,,0.0516527227305489,0.0537649260540838,0.1052143605333036,-0.0257054749593793,0.0340294863594816,57,0.9344262295081968,36,28,61,False,"[(61, 8, 56), (61, 8, 56)]",True,True,True,"<BoostingResult eeg ~ gammatone-8 + gammatone-on-8, -0.1 - 1, error=l1, basis=0.05, partitions=5, test=1, selective_stopping=1>",0.0020517856655151,/Users/yanyuwoo/Data/bids/derivatives/eelbrain/cache/trf/sub-28/subject-28_raw-0.5-20_epoch-story-segments_reference-mastoids_key-8b855eba6445b09b.pickle,pass,True,,7.0,8.0,0.875,False,True,False,False,False,exclude: noise,True,False,multi_predictor,gammatone-8 + gammatone-on-8,/Users/yanyuwoo/Desktop/mcmaster-project/alice-comprehension-neural-prediction/analysis/trf_pipeline/results/by_multi_predictor/gammatone-8-plus-gammatone-on-8/subject_results.csv,2.0
2026-08-25T18:12:07,sub-29,gammatone-8-plus-gammatone-on-8,gammatone-8 + gammatone-on-8,boosting,0.5-20,story-segments,mastoids,,-0.1,1.0,50,continuous,ok,,,,0.0042955861373117,0.000703934469756,0.0419570458929297,-0.0535543186674101,0.0194038443406101,33,0.5409836065573771,2,31,61,False,"[(61, 8, 56), (61, 8, 56)]",True,True,True,"<BoostingResult eeg ~ gammatone-8 + gammatone-on-8, -0.1 - 1, error=l1, basis=0.05, partitions=5, test=1, selective_stopping=1>",-0.0002399276581065,/Users/yanyuwoo/Data/bids/derivatives/eelbrain/cache/trf/sub-29/subject-29_raw-0.5-20_epoch-story-segments_reference-mastoids_key-604f7096fd053c49.pickle,pass,True,,6.0,8.0,0.75,False,True,False,False,False,exclude: noise,True,False,multi_predictor,gammatone-8 + gammatone-on-8,/Users/yanyuwoo/Desktop/mcmaster-project/alice-comprehension-neural-prediction/analysis/trf_pipeline/results/by_multi_predictor/gammatone-8-plus-gammatone-on-8/subject_results.csv,2.0
2026-08-25T18:13:02,sub-30,gammatone-8-plus-gammatone-on-8,gammatone-8 + gammatone-on-8,boosting,0.5-20,story-segments,mastoids,,-0.1,1.0,50,continuous,ok,,,,0.0070824562205774,0.0105183313117897,0.0300978481693514,-0.0288912993692687,0.0137983839184397,44,0.7213114754098361,24,26,61,False,"[(61, 8, 56), (61, 8, 56)]",True,True,True,"<BoostingResult eeg ~ gammatone-8 + gammatone-on-8, -0.1 - 1, error=l1, basis=0.05, partitions=5, test=1, selective_stopping=1>",7.609287468114564e-05,/Users/yanyuwoo/Data/bids/derivatives/eelbrain/cache/trf/sub-30/subject-30_raw-0.5-20_epoch-story-segments_reference-mastoids_key-7136e9189cd0e26d.pickle,pass,True,,4.0,8.0,0.5,True,False,False,False,True,exclude: low score,True,True,multi_predictor,gammatone-8 + gammatone-on-8,/Users/yanyuwoo/Desktop/mcmaster-project/alice-comprehension-neural-prediction/analysis/trf_pipeline/results/by_multi_predictor/gammatone-8-plus-gammatone-on-8/subject_results.csv,2.0
2026-08-25T18:14:02,sub-31,gammatone-8-plus-gammatone-on-8,gammatone-8 + gammatone-on-8,boosting,0.5-20,story-segments,mastoids,,-0.1,1.0,50,continuous,ok,,,,-0.0160900593000498,-0.016870390689094,0.0356665930038867,-0.0498272586759985,0.0169402736335517,8,0.1311475409836065,50,41,61,False,"[(61, 8, 56), (61, 8, 56)]",True,True,True,"<BoostingResult eeg ~ gammatone-8 + gammatone-on-8, -0.1 - 1, error=l1, basis=0.05, partitions=5, test=1, selective_stopping=1>",-0.0006609322221516,/Users/yanyuwoo/Data/bids/derivatives/eelbrain/cache/trf/sub-31/subject-31_raw-0.5-20_epoch-story-segments_reference-mastoids_key-15d287af97634a8d.pickle,pass,True,,3.0,4.0,0.75,False,True,True,False,False,exclude: noise,True,False,multi_predictor,gammatone-8 + gammatone-on-8,/Users/yanyuwoo/Desktop/mcmaster-project/alice-comprehension-neural-prediction/analysis/trf_pipeline/results/by_multi_predictor/gammatone-8-plus-gammatone-on-8/subject_results.csv,2.0
2026-08-25T18:14:54,sub-32,gammatone-8-plus-gammatone-on-8,gammatone-8 + gammatone-on-8,boosting,0.5-20,story-segments,mastoids,,-0.1,1.0,50,continuous,ok,,,,0.0692934971403749,0.0720736370681791,0.1076536355192146,-0.0101502072182508,0.0252698684457325,60,0.9836065573770492,3,57,61,False,"[(61, 8, 56), (61, 8, 56)]",True,True,True,"<BoostingResult eeg ~ gammatone-8 + gammatone-on-8, -0.1 - 1, error=l1, basis=0.05, partitions=5, test=1, selective_stopping=1>",0.0023806778440268,/Users/yanyuwoo/Data/bids/derivatives/eelbrain/cache/trf/sub-32/subject-32_raw-0.5-20_epoch-story-segments_reference-mastoids_key-5b27f9bcb3c851a2.pickle,pass,True,,4.0,8.0,0.5,True,False,False,False,True,exclude: low score,True,True,multi_predictor,gammatone-8 + gammatone-on-8,/Users/yanyuwoo/Desktop/mcmaster-project/alice-comprehension-neural-prediction/analysis/trf_pipeline/results/by_multi_predictor/gammatone-8-plus-gammatone-on-8/subject_results.csv,2.0
2026-08-25T18:16:29,sub-33,gammatone-8-plus-gammatone-on-8,gammatone-8 + gammatone-on-8,boosting,0.5-20,story-segments,mastoids,,-0.1,1.0,50,continuous,ok,,,,-0.0040665381977524,-0.0127924213115483,0.0555874174220523,-0.0327110247963659,0.0212921262046049,22,0.360655737704918,49,27,61,False,"[(61, 8, 56), (61, 8, 56)]",True,True,True,"<BoostingResult eeg ~ gammatone-8 + gammatone-on-8, -0.1 - 1, error=l1, basis=0.05, partitions=5, test=1, selective_stopping=1>",-0.0002987319148885,/Users/yanyuwoo/Data/bids/derivatives/eelbrain/cache/trf/sub-33/subject-33_raw-0.5-20_epoch-story-segments_reference-mastoids_key-b926929fa12e7ba1.pickle,pass,True,,8.0,8.0,1.0,False,True,False,False,False,exclude: noise,True,False,multi_predictor,gammatone-8 + gammatone-on-8,/Users/yanyuwoo/Desktop/mcmaster-project/alice-comprehension-neural-prediction/analysis/trf_pipeline/results/by_multi_predictor/gammatone-8-plus-gammatone-on-8/subject_results.csv,2.0
2026-08-25T18:17:29,sub-34,gammatone-8-plus-gammatone-on-8,gammatone-8 + gammatone-on-8,boosting,0.5-20,story-segments,mastoids,,-0.1,1.0,50,continuous,ok,,,,0.0255624678192635,0.0245247731048732,0.0665124007252102,-0.0360347590708083,0.0245868746328941,50,0.819672131147541,1,55,61,False,"[(61, 8, 56), (61, 8, 56)]",True,True,True,"<BoostingResult eeg ~ gammatone-8 + gammatone-on-8, -0.1 - 1, error=l1, basis=0.05, partitions=5, test=1, selective_stopping=1>",0.0009254555290638,/Users/yanyuwoo/Data/bids/derivatives/eelbrain/cache/trf/sub-34/subject-34_raw-0.5-20_epoch-story-segments_reference-mastoids_key-eaaecc35decf4194.pickle,pass,True,,5.0,8.0,0.625,False,False,False,False,True,use,True,True,multi_predictor,gammatone-8 + gammatone-on-8,/Users/yanyuwoo/Desktop/mcmaster-project/alice-comprehension-neural-prediction/analysis/trf_pipeline/results/by_multi_predictor/gammatone-8-plus-gammatone-on-8/subject_results.csv,2.0
2026-08-25T18:18:46,sub-35,gammatone-8-plus-gammatone-on-8,gammatone-8 + gammatone-on-8,boosting,0.5-20,story-segments,mastoids,,-0.1,1.0,50,continuous,ok,,,,0.023124153428991,0.0271227041058039,0.0787289615017147,-0.0540216119307764,0.0317506232998822,47,0.7704918032786885,4,61,61,False,"[(61, 8, 56), (61, 8, 56)]",True,True,True,"<BoostingResult eeg ~ gammatone-8 + gammatone-on-8, -0.1 - 1, error=l1, basis=0.05, partitions=5, test=1, selective_stopping=1>",0.0008109008209245,/Users/yanyuwoo/Data/bids/derivatives/eelbrain/cache/trf/sub-35/subject-35_raw-0.5-20_epoch-story-segments_reference-mastoids_key-dbed6bc519a0754a.pickle,pass,True,,5.0,8.0,0.625,False,False,False,False,True,use,True,True,multi_predictor,gammatone-8 + gammatone-on-8,/Users/yanyuwoo/Desktop/mcmaster-project/alice-comprehension-neural-prediction/analysis/trf_pipeline/results/by_multi_predictor/gammatone-8-plus-gammatone-on-8/subject_results.csv,2.0
2026-08-25T18:20:04,sub-36,gammatone-8-plus-gammatone-on-8,gammatone-8 + gammatone-on-8,boosting,0.5-20,story-segments,mastoids,,-0.1,1.0,50,continuous,ok,,,,0.0362448398352639,0.0410695450904935,0.0712905895398251,-0.0328364885330226,0.01966315946607,57,0.9344262295081968,9,28,61,False,"[(61, 8, 56), (61, 8, 56)]",True,True,True,"<BoostingResult eeg ~ gammatone-8 + gammatone-on-8, -0.1 - 1, error=l1, basis=0.05, partitions=5, test=1, selective_stopping=1>",0.0012462176468514,/Users/yanyuwoo/Data/bids/derivatives/eelbrain/cache/trf/sub-36/subject-36_raw-0.5-20_epoch-story-segments_reference-mastoids_key-774874b1661bfe64.pickle,pass,True,,6.0,8.0,0.75,False,False,False,False,True,use,True,True,multi_predictor,gammatone-8 + gammatone-on-8,/Users/yanyuwoo/Desktop/mcmaster-project/alice-comprehension-neural-prediction/analysis/trf_pipeline/results/by_multi_predictor/gammatone-8-plus-gammatone-on-8/subject_results.csv,2.0
2026-08-25T18:21:30,sub-37,gammatone-8-plus-gammatone-on-8,gammatone-8 + gammatone-on-8,boosting,0.5-20,story-segments,mastoids,,-0.1,1.0,50,continuous,ok,,,,0.0162000378930203,0.0152873065313661,0.0621718807787886,-0.054280437906091,0.0293868786970896,40,0.6557377049180327,40,31,61,False,"[(61, 8, 56), (61, 8, 56)]",True,True,True,"<BoostingResult eeg ~ gammatone-8 + gammatone-on-8, -0.1 - 1, error=l1, basis=0.05, partitions=5, test=1, selective_stopping=1>",0.0003244129776632,/Users/yanyuwoo/Data/bids/derivatives/eelbrain/cache/trf/sub-37/subject-37_raw-0.5-20_epoch-story-segments_reference-mastoids_key-667274e1ef1c0146.pickle,pass,True,,8.0,8.0,1.0,False,False,False,False,True,use,True,True,multi_predictor,gammatone-8 + gammatone-on-8,/Users/yanyuwoo/Desktop/mcmaster-project/alice-comprehension-neural-prediction/analysis/trf_pipeline/results/by_multi_predictor/gammatone-8-plus-gammatone-on-8/subject_results.csv,2.0
2026-08-25T18:22:50,sub-38,gammatone-8-plus-gammatone-on-8,gammatone-8 + gammatone-on-8,boosting,0.5-20,story-segments,mastoids,,-0.1,1.0,50,continuous,ok,,,,0.0726655975792603,0.0832018927367484,0.1129492491849372,-0.0071703034463725,0.0306645551249529,59,0.9672131147540984,5,28,61,False,"[(61, 8, 56), (61, 8, 56)]",True,True,True,"<BoostingResult eeg ~ gammatone-8 + gammatone-on-8, -0.1 - 1, error=l1, basis=0.05, partitions=5, test=1, selective_stopping=1>",0.002220194457945,/Users/yanyuwoo/Data/bids/derivatives/eelbrain/cache/trf/sub-38/subject-38_raw-0.5-20_epoch-story-segments_reference-mastoids_key-18507be3d8eadf61.pickle,pass,True,,8.0,8.0,1.0,False,False,False,False,True,use,True,True,multi_predictor,gammatone-8 + gammatone-on-8,/Users/yanyuwoo/Desktop/mcmaster-project/alice-comprehension-neural-prediction/analysis/trf_pipeline/results/by_multi_predictor/gammatone-8-plus-gammatone-on-8/subject_results.csv,2.0
2026-08-25T18:24:47,sub-39,gammatone-8-plus-gammatone-on-8,gammatone-8 + gammatone-on-8,boosting,0.5-20,story-segments,mastoids,,-0.1,1.0,50,continuous,ok,,,,0.0198044478833351,0.0146225604001807,0.0757462146998088,-0.039003296019773,0.0231926895195303,50,0.819672131147541,59,22,61,False,"[(61, 8, 56), (61, 8, 56)]",True,True,True,"<BoostingResult eeg ~ gammatone-8 + gammatone-on-8, -0.1 - 1, error=l1, basis=0.05, partitions=5, test=1, selective_stopping=1>",4.040698529902828e-05,/Users/yanyuwoo/Data/bids/derivatives/eelbrain/cache/trf/sub-39/subject-39_raw-0.5-20_epoch-story-segments_reference-mastoids_key-9e5b1f655a07fa6f.pickle,pass,True,,3.0,8.0,0.375,False,False,False,True,True,use,True,True,multi_predictor,gammatone-8 + gammatone-on-8,/Users/yanyuwoo/Desktop/mcmaster-project/alice-comprehension-neural-prediction/analysis/trf_pipeline/results/by_multi_predictor/gammatone-8-plus-gammatone-on-8/subject_results.csv,2.0
2026-08-25T18:26:08,sub-40,gammatone-8-plus-gammatone-on-8,gammatone-8 + gammatone-on-8,boosting,0.5-20,story-segments,mastoids,,-0.1,1.0,50,continuous,ok,,,,0.0249457773424652,0.026390185501151,0.0650551105754868,-0.0303156893930211,0.023077543725797,52,0.8524590163934426,50,30,61,False,"[(61, 8, 56), (61, 8, 56)]",True,True,True,"<BoostingResult eeg ~ gammatone-8 + gammatone-on-8, -0.1 - 1, error=l1, basis=0.05, partitions=5, test=1, selective_stopping=1>",0.0004019636524213,/Users/yanyuwoo/Data/bids/derivatives/eelbrain/cache/trf/sub-40/subject-40_raw-0.5-20_epoch-story-segments_reference-mastoids_key-2b51cfcca6f45159.pickle,pass,True,,6.0,8.0,0.75,False,False,False,False,True,use,True,True,multi_predictor,gammatone-8 + gammatone-on-8,/Users/yanyuwoo/Desktop/mcmaster-project/alice-comprehension-neural-prediction/analysis/trf_pipeline/results/by_multi_predictor/gammatone-8-plus-gammatone-on-8/subject_results.csv,2.0
2026-08-25T18:27:26,sub-41,gammatone-8-plus-gammatone-on-8,gammatone-8 + gammatone-on-8,boosting,0.5-20,story-segments,mastoids,,-0.1,1.0,50,continuous,ok,,,,0.0214487321963931,0.020148651846695,0.0790931851081023,-0.0286713563830737,0.0228898838505564,47,0.7704918032786885,23,61,61,False,"[(61, 8, 56), (61, 8, 56)]",True,True,True,"<BoostingResult eeg ~ gammatone-8 + gammatone-on-8, -0.1 - 1, error=l1, basis=0.05, partitions=5, test=1, selective_stopping=1>",0.00055637737524,/Users/yanyuwoo/Data/bids/derivatives/eelbrain/cache/trf/sub-41/subject-41_raw-0.5-20_epoch-story-segments_reference-mastoids_key-fc00028a9f3b6c76.pickle,pass,True,,7.0,8.0,0.875,False,False,False,False,True,use,True,True,multi_predictor,gammatone-8 + gammatone-on-8,/Users/yanyuwoo/Desktop/mcmaster-project/alice-comprehension-neural-prediction/analysis/trf_pipeline/results/by_multi_predictor/gammatone-8-plus-gammatone-on-8/subject_results.csv,2.0
2026-08-25T18:28:44,sub-42,gammatone-8-plus-gammatone-on-8,gammatone-8 + gammatone-on-8,boosting,0.5-20,story-segments,mastoids,,-0.1,1.0,50,continuous,ok,,,,0.0476001080362584,0.0567874997109573,0.1272328169173447,-0.0432258760635524,0.0433589902712206,51,0.8360655737704918,10,28,61,False,"[(61, 8, 56), (61, 8, 56)]",True,True,True,"<BoostingResult eeg ~ gammatone-8 + gammatone-on-8, -0.1 - 1, error=l1, basis=0.05, partitions=5, test=1, selective_stopping=1>",0.0022762265011624,/Users/yanyuwoo/Data/bids/derivatives/eelbrain/cache/trf/sub-42/subject-42_raw-0.5-20_epoch-story-segments_reference-mastoids_key-722c580e5428b5c9.pickle,pass,True,,7.0,8.0,0.875,False,False,False,False,True,use,True,True,multi_predictor,gammatone-8 + gammatone-on-8,/Users/yanyuwoo/Desktop/mcmaster-project/alice-comprehension-neural-prediction/analysis/trf_pipeline/results/by_multi_predictor/gammatone-8-plus-gammatone-on-8/subject_results.csv,2.0
2026-08-25T18:30:32,sub-43,gammatone-8-plus-gammatone-on-8,gammatone-8 + gammatone-on-8,boosting,0.5-20,story-segments,mastoids,,-0.1,1.0,50,continuous,ok,,,,0.0082256611976373,0.0067956202784469,0.0484292878569183,-0.0358243876687595,0.0170156336977784,40,0.6557377049180327,54,25,61,False,"[(61, 8, 56), (61, 8, 56)]",True,True,True,"<BoostingResult eeg ~ gammatone-8 + gammatone-on-8, -0.1 - 1, error=l1, basis=0.05, partitions=5, test=1, selective_stopping=1>",-3.721847697069616e-05,/Users/yanyuwoo/Data/bids/derivatives/eelbrain/cache/trf/sub-43/subject-43_raw-0.5-20_epoch-story-segments_reference-mastoids_key-8d98410b9c9d1115.pickle,pass,True,,2.0,8.0,0.25,True,False,False,False,True,exclude: low score,True,True,multi_predictor,gammatone-8 + gammatone-on-8,/Users/yanyuwoo/Desktop/mcmaster-project/alice-comprehension-neural-prediction/analysis/trf_pipeline/results/by_multi_predictor/gammatone-8-plus-gammatone-on-8/subject_results.csv,2.0
2026-08-25T18:31:38,sub-44,gammatone-8-plus-gammatone-on-8,gammatone-8 + gammatone-on-8,boosting,0.5-20,story-segments,mastoids,,-0.1,1.0,50,continuous,ok,,,,0.052535683429982,0.0627983380718811,0.1204644500900721,-0.0496832102642895,0.0397511372890855,55,0.9016393442622952,49,27,61,False,"[(61, 8, 56), (61, 8, 56)]",True,True,True,"<BoostingResult eeg ~ gammatone-8 + gammatone-on-8, -0.1 - 1, error=l1, basis=0.05, partitions=5, test=1, selective_stopping=1>",0.0017585396549575,/Users/yanyuwoo/Data/bids/derivatives/eelbrain/cache/trf/sub-44/subject-44_raw-0.5-20_epoch-story-segments_reference-mastoids_key-539354d38c7676d6.pickle,pass,True,,7.0,8.0,0.875,False,False,False,False,True,use,True,True,multi_predictor,gammatone-8 + gammatone-on-8,/Users/yanyuwoo/Desktop/mcmaster-project/alice-comprehension-neural-prediction/analysis/trf_pipeline/results/by_multi_predictor/gammatone-8-plus-gammatone-on-8/subject_results.csv,2.0
2026-08-25T18:33:40,sub-45,gammatone-8-plus-gammatone-on-8,gammatone-8 + gammatone-on-8,boosting,0.5-20,story-segments,mastoids,,-0.1,1.0,50,continuous,ok,,,,0.0794376845201681,0.083340231145293,0.1378515381551657,0.0040428305940077,0.0389138337313197,61,1.0,36,53,61,False,"[(61, 8, 56), (61, 8, 56)]",True,True,True,"<BoostingResult eeg ~ gammatone-8 + gammatone-on-8, -0.1 - 1, error=l1, basis=0.05, partitions=5, test=1, selective_stopping=1>",0.0041487132406624,/Users/yanyuwoo/Data/bids/derivatives/eelbrain/cache/trf/sub-45/subject-45_raw-0.5-20_epoch-story-segments_reference-mastoids_key-c32649f6073d939e.pickle,pass,True,,5.0,8.0,0.625,False,False,False,False,True,use,True,True,multi_predictor,gammatone-8 + gammatone-on-8,/Users/yanyuwoo/Desktop/mcmaster-project/alice-comprehension-neural-prediction/analysis/trf_pipeline/results/by_multi_predictor/gammatone-8-plus-gammatone-on-8/subject_results.csv,2.0
2026-08-25T18:35:58,sub-46,gammatone-8-plus-gammatone-on-8,gammatone-8 + gammatone-on-8,boosting,0.5-20,story-segments,mastoids,,-0.1,1.0,50,continuous,ok,,,,-0.0279872044681381,-0.0292418207659407,0.0095885655875345,-0.0553615294876824,0.0126229461564364,3,0.0491803278688524,49,42,61,False,"[(61, 8, 56), (61, 8, 56)]",True,True,True,"<BoostingResult eeg ~ gammatone-8 + gammatone-on-8, -0.1 - 1, error=l1, basis=0.05, partitions=5, test=1, selective_stopping=1>",-0.0005700134366474,/Users/yanyuwoo/Data/bids/derivatives/eelbrain/cache/trf/sub-46/subject-46_raw-0.5-20_epoch-story-segments_reference-mastoids_key-e7e5728441985a77.pickle,pass,True,,3.0,8.0,0.375,True,True,False,False,False,exclude: low score & noise,True,False,multi_predictor,gammatone-8 + gammatone-on-8,/Users/yanyuwoo/Desktop/mcmaster-project/alice-comprehension-neural-prediction/analysis/trf_pipeline/results/by_multi_predictor/gammatone-8-plus-gammatone-on-8/subject_results.csv,2.0
2026-08-25T18:36:55,sub-47,gammatone-8-plus-gammatone-on-8,gammatone-8 + gammatone-on-8,boosting,0.5-20,story-segments,mastoids,,-0.1,1.0,50,continuous,ok,,,,0.0086416651172565,0.0083331751005217,0.0538148505522108,-0.0258583573322344,0.0145325593751258,45,0.7377049180327869,51,32,61,False,"[(61, 8, 56), (61, 8, 56)]",True,True,True,"<BoostingResult eeg ~ gammatone-8 + gammatone-on-8, -0.1 - 1, error=l1, basis=0.05, partitions=5, test=1, selective_stopping=1>",0.0001731360940349,/Users/yanyuwoo/Data/bids/derivatives/eelbrain/cache/trf/sub-47/subject-47_raw-0.5-20_epoch-story-segments_reference-mastoids_key-d2fec152bcedee0c.pickle,pass,True,,4.0,8.0,0.5,True,True,False,False,False,exclude: low score & noise,True,False,multi_predictor,gammatone-8 + gammatone-on-8,/Users/yanyuwoo/Desktop/mcmaster-project/alice-comprehension-neural-prediction/analysis/trf_pipeline/results/by_multi_predictor/gammatone-8-plus-gammatone-on-8/subject_results.csv,2.0
2026-08-25T18:38:07,sub-48,gammatone-8-plus-gammatone-on-8,gammatone-8 + gammatone-on-8,boosting,0.5-20,story-segments,mastoids,,-0.1,1.0,50,continuous,ok,,,,0.0140833192429505,0.0140825761061959,0.058362933017224,-0.0257546196534402,0.0157642435121902,52,0.8524590163934426,25,22,61,False,"[(61, 8, 56), (61, 8, 56)]",True,True,True,"<BoostingResult eeg ~ gammatone-8 + gammatone-on-8, -0.1 - 1, error=l1, basis=0.05, partitions=5, test=1, selective_stopping=1>",0.0001343515392937,/Users/yanyuwoo/Data/bids/derivatives/eelbrain/cache/trf/sub-48/subject-48_raw-0.5-20_epoch-story-segments_reference-mastoids_key-8ac262c105303535.pickle,pass,True,,7.0,8.0,0.875,False,False,False,False,True,use,True,True,multi_predictor,gammatone-8 + gammatone-on-8,/Users/yanyuwoo/Desktop/mcmaster-project/alice-comprehension-neural-prediction/analysis/trf_pipeline/results/by_multi_predictor/gammatone-8-plus-gammatone-on-8/subject_results.csv,2.0
2026-08-25T18:39:22,sub-49,gammatone-8-plus-gammatone-on-8,gammatone-8 + gammatone-on-8,boosting,0.5-20,story-segments,mastoids,,-0.1,1.0,50,continuous,ok,,,,0.0186249664565733,0.0207022855689337,0.0673482260359933,-0.0340908872193715,0.023048226608679,48,0.7868852459016393,19,54,61,False,"[(61, 8, 56), (61, 8, 56)]",True,True,True,"<BoostingResult eeg ~ gammatone-8 + gammatone-on-8, -0.1 - 1, error=l1, basis=0.05, partitions=5, test=1, selective_stopping=1>",0.000380703176111,/Users/yanyuwoo/Data/bids/derivatives/eelbrain/cache/trf/sub-49/subject-49_raw-0.5-20_epoch-story-segments_reference-mastoids_key-76cafec19215709b.pickle,pass,True,,6.0,8.0,0.75,False,True,False,False,False,exclude: noise,True,False,multi_predictor,gammatone-8 + gammatone-on-8,/Users/yanyuwoo/Desktop/mcmaster-project/alice-comprehension-neural-prediction/analysis/trf_pipeline/results/by_multi_predictor/gammatone-8-plus-gammatone-on-8/subject_results.csv,2.0
